,Gender,Married,Dependents,Education,Self_Employed,Credit_History,Property_Area,Loan_Status,Group_Age,Z_Total_Income,Z_LoanAmount,Z_Loan_Amount_Term
0,1,0,0.0,0,0,1.0,2,1,1,8.674025985443025,4.986425672954842,5.886104031450156
1,1,1,1.0,0,0,1.0,0,0,4,8.714567550836485,4.852030263919617,5.886104031450156
2,1,1,0.0,0,1,1.0,2,1,0,8.006367567650246,4.189654742026425,5.886104031450156
3,1,1,0.0,1,0,1.0,2,1,0,8.50532301884575,4.787491742782046,5.886104031450156
4,1,0,0.0,0,0,1.0,2,1,0,8.699514748210191,4.948759890378168,5.886104031450156
5,1,1,2.0,0,1,1.0,2,1,2,9.170871628065816,5.58724865840025,5.886104031450156
6,1,1,0.0,1,0,1.0,2,1,0,8.255568653283746,4.553876891600541,5.886104031450156
7,1,1,3.0,0,0,0.0,1,0,0,8.61974977974133,5.062595033026967,5.886104031450156
8,1,1,2.0,0,0,1.0,2,1,4,8.61830469278465,5.123963979403259,5.886104031450156
9,1,1,1.0,0,0,1.0,1,0,0,10.077818939438902,5.855071922202427,5.886104031450156
10,1,1,2.0,0,0,1.0,2,1,0,8.268731832117737,4.248495242049359,5.886104031450156
11,1,1,2.0,0,0,1.0,2,1,1,8.375629627094451,4.6913478822291435,5.886104031450156
12,1,1,2.0,0,0,1.0,2,1,0,9.321792297270326,5.298317366548036,5.886104031450156
13,1,0,0.0,0,0,1.0,0,0,2,8.453827315794417,4.736198448394496,5.886104031450156
14,1,1,2.0,0,0,1.0,2,1,0,7.776954403322442,2.833213344056216,4.787491742782046
15,1,0,0.0,0,0,1.0,2,1,1,8.507142855562735,4.8283137373023015,5.886104031450156
16,1,0,1.0,1,0,0.8421985815602837,2,1,0,8.18757739559151,4.605170185988092,5.480638923341991
17,0,0,0.0,0,0,0.0,2,0,1,8.163371316459912,4.330733340286331,5.886104031450156
18,1,1,0.0,1,0,1.0,0,0,3,8.494333897270154,4.890349128221754,5.886104031450156
19,1,1,0.0,0,0,1.0,2,1,3,8.716044050161402,4.74493212836325,5.834810737062605
20,1,1,0.0,1,0,0.0,2,0,3,8.943767262734637,4.6443908991413725,5.886104031450156
21,1,1,1.0,0,0,1.0,2,1,4,9.357034751126987,5.752572638825633,5.886104031450156
22,1,1,0.0,1,0,0.0,1,0,4,8.414274137408396,4.7535901911063645,5.886104031450156
23,1,1,2.0,1,0,0.0,0,0,4,8.572060092857077,4.718498871295094,5.886104031450156
24,1,1,1.0,0,0,0.8421985815602837,1,0,4,8.801168401936692,5.017279836814924,5.886104031450156
25,1,1,0.0,0,1,1.0,1,1,3,9.165343006045447,5.25227342804663,5.886104031450156
26,1,1,0.0,0,0,1.0,1,1,3,8.527539483470381,4.804021044733257,5.886104031450156
27,1,1,2.0,1,0,1.0,2,1,3,8.569026340056254,4.700480365792417,5.886104031450156
28,1,0,0.0,1,0,1.0,2,0,0,7.273786317844895,3.5553480614894135,5.886104031450156
29,0,0,2.0,0,0,1.0,1,1,3,8.671286726753637,4.787491742782046,5.886104031450156
30,1,1,1.0,0,0,0.8421985815602837,2,0,0,8.927314111060596,5.303304908059076,5.886104031450156
31,1,0,0.0,0,0,1.0,2,0,0,8.06054004653864,4.30406509320417,5.886104031450156
32,1,0,1.0,0,1,1.0,0,0,0,8.453614209773367,4.663439094112067,5.886104031450156
33,1,1,0.0,0,0,1.0,1,1,0,8.550047528287184,4.736198448394496,5.886104031450156
34,1,0,3.0,0,0,1.0,0,0,1,9.648595302907339,5.768320995793772,5.886104031450156
35,1,1,0.0,0,0,1.0,2,1,1,8.376090350438238,4.986425672954842,5.886104031450156
36,1,1,0.0,0,0,0.0,2,0,1,8.057694194815587,4.605170185988092,5.834810737062605
37,0,1,0.0,0,0,1.0,1,1,1,8.542080906924017,4.969813299576001,5.886104031450156
38,1,0,0.0,0,0,1.0,2,1,1,9.339261152043022,5.214935757608986,5.886104031450156
39,1,0,0.0,1,0,1.0,1,1,1,8.59711281459211,4.700480365792417,5.886104031450156
40,1,0,0.0,0,0,1.0,2,0,2,8.1886891244442,4.382026634673881,5.886104031450156
41,1,0,0.0,0,0,1.0,2,1,2,8.0106915391303,3.8501476017100584,5.886104031450156
42,1,1,0.0,0,0,0.8421985815602837,2,1,2,7.783224016336037,4.31748811353631,5.886104031450156
43,1,1,0.0,0,0,1.0,1,1,2,8.744647438317532,4.897839799950911,5.886104031450156
44,1,1,0.0,1,1,1.0,2,1,2,8.454253391642363,4.564348191467836,5.834810737062605
45,0,0,0.0,0,0,1.0,2,1,2,8.134467570277563,4.477336814478207,5.834810737062605
46,1,1,1.0,0,0,1.0,2,1,2,8.639233817325263,3.784189633918261,5.886104031450156
47,1,1,0.0,0,0,1.0,2,1,2,8.669227347271736,4.969813299576001,5.886104031450156
48,0,1,0.0,0,0,0.0,2,0,2,8.713582005421628,4.787491742782046,5.886104031450156
49,0,0,0.0,0,0,1.0,1,1,3,8.744328763999984,4.969813299576001,5.886104031450156
50,0,1,0.0,1,0,1.0,1,1,3,8.18088094199639,4.605170185988092,5.886104031450156
51,0,0,0.0,0,0,1.0,1,1,3,8.034631032923107,4.787491742782046,5.886104031450156
52,0,0,0.0,0,0,1.0,1,0,3,8.349957272040324,4.718498871295094,5.886104031450156
53,1,1,2.0,0,0,1.0,2,0,4,8.437283808187935,4.897839799950911,5.886104031450156
54,0,1,1.0,0,1,0.0,2,0,4,9.350102314351341,5.655991810819852,5.886104031450156
55,1,1,2.0,0,0,1.0,1,1,3,8.262300941787448,4.574710978503383,5.886104031450156
56,1,1,0.0,0,0,1.0,1,1,3,8.222285073872717,4.564348191467836,5.886104031450156
57,1,1,0.0,0,0,1.0,0,0,3,8.624431942085836,4.90527477843843,5.886104031450156
58,1,1,1.0,0,0,1.0,2,1,3,9.242807562113684,5.19295685089021,5.886104031450156
59,1,1,2.0,1,0,1.0,2,1,3,8.734881892047483,4.969813299576001,5.886104031450156
60,1,1,0.0,0,0,1.0,2,1,3,8.74766979009724,4.787491742782046,5.886104031450156
61,1,1,3.0,0,0,1.0,2,1,3,8.015987811027237,4.59511985013459,5.886104031450156
62,1,1,0.0,1,1,0.0,0,0,3,8.709134991587183,5.10594547390058,5.19295685089021
63,1,1,1.0,0,0,0.0,0,0,3,8.506132244056813,4.986425672954842,5.886104031450156
64,0,0,0.0,0,0,0.0,1,0,3,8.334711621820917,4.7535901911063645,5.886104031450156
65,1,1,0.0,0,0,1.0,1,0,3,9.241935933565934,5.552959584921617,5.886104031450156
66,1,0,0.0,1,0,0.0,2,0,3,8.604104563405533,4.836281906951478,5.19295685089021
67,1,1,1.0,0,0,1.0,2,1,3,9.28266103355581,5.7430031878094825,5.886104031450156
68,1,1,3.0,1,1,1.0,2,1,3,8.867850063029406,4.8283137373023015,4.0943445622221
69,0,0,0.0,0,0,0.0,1,0,3,8.366370301681654,4.912654885736052,5.886104031450156
70,1,1,0.0,0,0,1.0,2,1,3,8.744169388750624,5.147494476813453,5.886104031450156
71,1,1,2.0,1,1,1.0,1,1,3,8.229511118964457,4.574710978503383,5.886104031450156
72,1,0,0.0,0,0,1.0,1,1,3,8.160518247477505,4.394449154672439,5.703782474656201
73,1,1,3.0,1,0,0.0,1,0,3,8.46695197497949,4.553876891600541,5.834810737062605
74,1,1,3.0,0,1,1.0,1,1,3,8.859363449152088,5.231108616854587,5.886104031450156
75,1,0,0.0,0,0,1.0,2,0,3,8.229511118964457,4.727387818712341,6.173786103901937
76,1,0,0.0,0,0,1.0,2,0,3,9.047821442478408,5.170483995038151,5.886104031450156
77,1,1,1.0,0,1,1.0,2,0,3,8.299534570332597,4.700480365792417,5.886104031450156
78,1,1,3.0,0,0,0.0,1,0,3,8.877242435993919,5.19295685089021,5.703782474656201
79,1,1,3.0,1,1,0.8421985815602837,1,1,3,8.612321536507814,4.867534450455582,5.886104031450156
80,0,0,0.0,0,0,1.0,1,1,3,8.254788926148725,4.709530201312334,5.886104031450156
81,1,1,1.0,0,1,1.0,1,1,4,7.781138509845015,4.986425672954842,5.886104031450156
82,0,1,2.0,0,0,1.0,2,0,4,8.089175678837561,5.117993812416755,5.886104031450156
83,1,1,0.0,0,0,0.8421985815602837,1,0,4,9.017968479328726,5.579729825986222,5.886104031450156
84,1,1,1.0,0,0,1.0,2,1,4,8.291045131081729,3.912023005428146,5.480638923341991
85,1,0,0.0,0,0,1.0,1,1,4,8.496378051702317,4.912654885736052,5.886104031450156
86,1,1,2.0,1,0,0.8421985815602837,1,1,4,8.581669210600602,4.59511985013459,5.886104031450156
87,1,1,0.0,0,0,1.0,1,1,4,8.43771698991444,4.6443908991413725,5.886104031450156
88,1,0,0.0,0,0,1.0,2,1,4,9.055556158175316,5.3471075307174685,5.886104031450156
89,1,1,0.0,0,0,1.0,1,1,4,9.196444266784072,5.1647859739235145,5.886104031450156
90,1,1,0.0,0,0,1.0,1,1,4,8.675563527387679,4.875197323201151,5.886104031450156
91,1,1,2.0,0,0,1.0,1,1,4,9.384629757072872,5.236441962829949,5.19295685089021
92,1,1,2.0,1,0,1.0,2,1,4,8.535622326884605,4.394449154672439,5.886104031450156
93,1,0,0.0,0,0,1.0,1,1,4,8.326758814511733,4.804021044733257,5.886104031450156
94,1,0,0.0,1,0,1.0,1,1,4,8.194229304819817,3.2188758248682006,4.787491742782046
95,1,0,0.0,0,0,0.8421985815602837,2,0,4,8.822027322685583,4.986425672954842,5.886104031450156
96,0,1,0.0,0,0,1.0,1,1,4,8.47345026846832,4.919980925828125,5.886104031450156
97,1,1,0.0,0,0,1.0,1,1,4,7.9976631270201,3.912023005428146,5.886104031450156
98,1,1,0.0,1,0,1.0,1,1,4,8.339978571990427,4.74493212836325,5.19295685089021
99,1,1,0.0,0,0,1.0,1,1,4,8.575462099540212,4.875197323201151,5.886104031450156
100,1,1,2.0,1,0,1.0,2,1,1,8.929435283803425,4.890349128221754,5.19295685089021
101,1,0,0.0,0,0,1.0,1,1,4,9.065198986306513,5.017279836814924,5.886104031450156
102,1,1,0.0,0,0,1.0,2,1,0,9.521494800613105,4.986425672954842,5.886104031450156
103,1,1,0.0,0,0,1.0,1,1,0,9.016148642611741,4.986425672954842,5.886104031450156
104,1,1,0.0,0,0,1.0,2,1,0,8.42726848388825,5.075173815233827,5.886104031450156
105,1,1,1.0,0,0,1.0,2,1,2,8.31434234336979,4.605170185988092,5.886104031450156
106,1,1,2.0,0,0,1.0,2,1,0,9.436918020024674,5.41610040220442,5.886104031450156
107,1,0,0.0,1,0,1.0,0,0,0,8.9001399880938,4.787491742782046,5.886104031450156
108,1,1,2.0,0,0,0.0,2,0,4,8.909235279192261,5.375278407684165,5.886104031450156
109,1,1,3.0,1,0,1.0,1,1,0,7.946263643580541,4.543294782270004,6.173786103901937
110,1,0,0.0,0,0,1.0,2,1,0,8.578476419833136,4.912654885736052,5.886104031450156
111,0,1,0.0,0,0,1.0,1,1,1,8.568266461600238,4.9344739331306915,5.886104031450156
112,1,1,0.0,1,0,0.0,0,0,0,8.94715577112479,5.0238805208462765,5.834810737062605
113,0,0,1.0,0,1,1.0,1,1,0,8.916103530553727,4.986425672954842,5.886104031450156
114,1,0,0.0,0,0,1.0,1,1,0,8.527143522269405,4.770684624465665,5.886104031450156
115,1,1,1.0,0,0,1.0,0,1,1,9.587611745713565,5.220355825078324,5.19295685089021
116,0,1,0.0,0,0,1.0,1,1,0,8.60337088765729,5.0369526024136295,5.886104031450156
117,1,1,1.0,0,0,0.8421985815602837,2,1,1,8.192016914536875,4.442651256490317,5.886104031450156
118,1,1,0.0,0,0,1.0,0,0,3,8.950273466557375,5.1647859739235145,5.886104031450156
119,0,0,0.0,0,0,1.0,2,1,3,9.250330020192342,5.556828061699537,5.886104031450156
120,1,1,0.0,0,0,1.0,0,1,3,9.0280988119824,5.19295685089021,5.886104031450156
121,0,0,0.0,0,0,1.0,1,1,4,8.334711621820917,3.784189633918261,5.886104031450156
122,0,0,0.0,0,0,0.0,1,1,4,9.316230747233615,4.919980925828125,5.886104031450156
123,1,1,2.0,0,0,1.0,1,1,4,7.9919305198524775,4.394449154672439,5.886104031450156
124,1,1,0.0,1,0,1.0,0,1,4,8.750524669117937,5.267858159063328,5.886104031450156
125,0,0,0.0,0,0,0.8421985815602837,0,1,3,8.213923595622743,4.532599493153256,5.886104031450156
126,1,1,3.0,0,0,1.0,0,1,3,10.077566902136047,5.91350300563827,5.886104031450156
127,1,0,0.0,0,0,1.0,0,1,3,8.61341204915678,4.986425672954842,5.886104031450156
128,1,1,1.0,0,1,0.0,2,0,0,9.572410734431823,5.075173815233827,5.19295685089021
129,1,1,0.0,0,0,0.8421985815602837,0,0,3,9.065198986306513,5.204006687076795,5.886104031450156
130,1,0,0.0,0,1,0.8421985815602837,2,1,0,9.91175329695316,6.476972362889683,6.173786103901937
131,1,0,0.0,0,0,1.0,2,1,0,8.279697133877628,4.30406509320417,5.886104031450156
132,1,0,0.0,0,0,1.0,1,1,0,7.907651594711089,4.248495242049359,5.886104031450156
133,1,1,0.0,0,1,1.0,1,1,0,8.148734808937169,3.2188758248682006,4.787491742782046
134,1,0,0.0,0,0,1.0,1,1,1,8.49596955496461,4.624972813284271,5.886104031450156
135,1,1,3.0,0,0,1.0,1,0,1,9.371608519572305,5.66988092298052,5.886104031450156
136,0,1,0.0,0,0,1.0,0,0,1,8.430109084509125,4.430816798843313,5.886104031450156
137,1,1,2.0,0,1,1.0,2,1,1,8.827028068509152,4.477336814478207,5.886104031450156
138,1,0,0.0,0,0,0.0,1,0,1,9.61573881119536,5.488937726156687,5.886104031450156
139,1,1,2.0,1,0,1.0,0,0,1,8.635864721133736,4.859812404361672,5.886104031450156
140,1,1,2.0,0,0,1.0,0,0,2,8.871365005136852,5.220355825078324,5.886104031450156
141,1,0,0.0,0,0,1.0,2,1,2,8.597297435657898,5.123963979403259,5.886104031450156
142,1,0,0.0,0,1,1.0,1,1,2,8.846496938558838,5.1647859739235145,5.19295685089021
143,1,1,0.0,0,0,1.0,1,1,2,8.462103225098277,4.804021044733257,5.886104031450156
144,1,1,2.0,0,0,1.0,2,1,2,9.372204086867741,5.231108616854587,5.19295685089021
145,0,1,0.0,0,0,1.0,1,1,2,8.827028068509152,4.605170185988092,5.886104031450156
146,0,1,2.0,0,0,1.0,2,1,2,9.60683200528524,4.248495242049359,5.886104031450156
147,1,1,1.0,0,0,1.0,2,1,2,7.993957547573565,3.4011973816621555,5.886104031450156
148,0,0,0.0,0,0,1.0,0,0,2,9.364433907313582,5.41610040220442,5.886104031450156
149,1,1,0.0,0,0,1.0,1,1,3,8.646465527120377,4.8283137373023015,5.886104031450156
150,1,0,0.0,0,0,0.0,0,0,3,8.744647438317532,4.770684624465665,5.886104031450156
151,1,1,0.0,0,1,1.0,0,1,3,8.752581469146884,5.0238805208462765,5.886104031450156
152,1,0,0.0,0,0,1.0,2,0,3,9.123256265069069,5.497168225293202,5.886104031450156
153,1,1,2.0,1,0,1.0,0,0,4,7.732369222284388,4.727387818712341,5.886104031450156
154,1,0,0.0,0,0,1.0,2,1,4,8.087640287778983,3.912023005428146,5.886104031450156
155,1,1,3.0,0,0,0.0,1,1,3,10.596609732783568,6.396929655216146,5.19295685089021
156,1,1,1.0,0,0,0.8421985815602837,0,1,3,8.699514748210191,5.075173815233827,5.886104031450156
157,1,1,1.0,0,0,1.0,2,1,3,9.16303909885817,5.231108616854587,5.886104031450156
158,1,0,0.0,0,0,1.0,0,1,3,8.529714471969909,4.787491742782046,5.886104031450156
159,1,1,0.0,0,0,1.0,1,1,3,9.23092700558457,5.541263545158426,5.886104031450156
160,1,1,0.0,1,0,1.0,1,1,3,7.973844375944687,4.584967478670572,5.886104031450156
161,1,1,0.0,0,0,1.0,2,0,3,8.978786553302003,5.616771097666572,5.886104031450156
162,1,1,1.0,0,0,0.0,1,0,3,8.382289428951436,4.795790545596741,5.886104031450156
163,1,1,2.0,0,0,1.0,0,1,3,8.633018756921828,5.062595033026967,5.886104031450156
164,1,1,0.0,0,0,1.0,2,1,3,9.140239744296693,4.31748811353631,5.19295685089021
165,1,1,0.0,0,0,1.0,0,1,3,8.835355971121606,5.204006687076795,5.834810737062605
166,0,1,0.0,0,0,1.0,0,0,3,8.430109084509125,4.718498871295094,5.886104031450156
167,1,1,0.0,0,0,1.0,0,1,3,8.660773919893762,4.859812404361672,5.886104031450156
168,1,0,0.0,0,0,0.0,1,0,3,7.71289096149013,4.143134726391533,6.173786103901937
169,1,1,2.0,0,0,1.0,1,1,3,8.987196820661973,5.298317366548036,5.886104031450156
170,1,1,0.0,1,0,1.0,0,1,3,8.185628891147607,4.553876891600541,5.886104031450156
171,1,1,3.0,0,0,1.0,2,1,3,10.854430887309706,6.551080335043404,5.703782474656201
172,1,1,3.0,1,0,1.0,0,0,3,8.166784289056151,4.394449154672439,5.19295685089021
173,1,1,0.0,0,0,1.0,1,1,3,9.335474102732949,5.231108616854587,5.886104031450156
174,1,1,0.0,1,1,1.0,1,0,3,8.533066540572527,4.465908118654584,5.886104031450156
175,1,1,0.0,0,0,1.0,0,1,3,8.605387202152153,4.7535901911063645,5.886104031450156
176,1,1,2.0,0,0,1.0,0,1,3,8.20631072579402,4.61512051684126,5.886104031450156
177,1,1,3.0,0,0,0.0,1,0,3,9.730086093116732,6.20455776256869,5.886104031450156
178,1,1,1.0,0,0,1.0,1,1,3,8.229511118964457,4.7535901911063645,5.886104031450156
179,1,0,0.0,1,0,0.0,2,0,3,8.238536930171769,4.624972813284271,6.173786103901937
180,1,1,1.0,0,0,0.0,2,0,3,9.521494800613105,5.19295685089021,5.886104031450156
181,1,0,0.0,0,0,0.8421985815602837,0,0,4,8.850660919017152,4.204692619390966,5.886104031450156
182,1,1,0.0,0,0,1.0,1,1,4,8.433811582477187,4.290459441148391,5.19295685089021
183,1,1,1.0,0,0,1.0,1,0,4,10.429576102968031,5.560681631015528,5.886104031450156
184,0,1,0.0,0,0,1.0,1,1,4,8.195609567288775,4.68213122712422,5.886104031450156
185,1,1,0.0,0,1,1.0,1,1,4,10.689601259598334,4.787491742782046,5.886104031450156
186,1,1,1.0,0,1,0.0,0,0,4,7.686162303492906,4.189654742026425,5.703782474656201
187,1,1,0.0,0,0,0.8421985815602837,0,1,4,8.416488487294606,4.060443010546419,5.886104031450156
188,1,1,0.0,0,1,1.0,0,1,4,8.694502206386648,5.123963979403259,5.886104031450156
189,1,1,0.0,0,0,1.0,0,1,4,9.140775908590273,5.236441962829949,5.19295685089021
190,1,0,0.0,1,0,1.0,0,1,4,8.493924564476883,3.871201010907891,5.886104031450156
191,1,0,0.0,0,0,1.0,1,0,4,9.392661928770137,5.099866427824199,5.886104031450156
192,1,1,0.0,1,0,1.0,2,0,4,8.704999678440762,5.075173815233827,5.886104031450156
193,1,0,0.0,0,0,1.0,1,1,4,8.257904193465674,4.330733340286331,5.886104031450156
194,1,0,0.0,0,0,1.0,0,1,4,8.340694647925071,4.787491742782046,5.886104031450156
195,1,1,1.0,0,0,1.0,1,0,4,8.649623978596727,5.135798437050262,5.886104031450156
196,1,0,0.0,0,0,1.0,0,1,4,9.399554785027307,5.231108616854587,5.886104031450156
197,0,0,0.0,1,0,1.0,2,1,4,8.35983738064003,4.787491742782046,5.834810737062605
198,0,1,0.0,0,0,0.8421985815602837,1,1,4,8.737452587550584,4.727387818712341,5.886104031450156
199,1,0,0.0,0,1,1.0,2,0,4,9.305650551780507,4.418840607796598,5.886104031450156
200,1,1,1.0,1,0,1.0,1,1,3,8.536995818712418,4.499809670330265,5.886104031450156
201,1,0,2.0,0,0,0.0,1,1,3,8.5016733797582,5.111987788356544,5.886104031450156
202,1,1,3.0,1,0,1.0,2,0,3,8.292047637431354,4.986425672954842,5.19295685089021
203,1,1,1.0,1,0,1.0,2,1,3,8.430109084509125,4.90527477843843,5.886104031450156
204,1,1,2.0,1,0,1.0,1,1,3,8.27308133366583,4.820281565605037,5.886104031450156
205,0,0,0.0,1,0,1.0,1,1,3,8.391176350832751,4.787491742782046,5.886104031450156
206,0,0,0.0,0,0,1.0,2,1,3,8.084562415235304,4.382026634673881,5.886104031450156
207,1,0,0.0,1,0,1.0,0,1,3,8.780480107033297,4.007333185232471,5.886104031450156
208,1,0,0.0,0,0,1.0,2,1,3,7.8156105320351905,4.07753744390572,5.886104031450156
209,1,0,0.0,0,0,1.0,1,0,3,8.136810863675537,4.844187086458591,5.886104031450156
210,0,0,0.0,0,0,1.0,1,0,3,9.210340371976184,5.365976015021851,5.886104031450156
211,1,1,3.0,0,0,0.0,1,0,3,8.451053388911692,4.852030263919617,5.886104031450156
212,1,1,1.0,0,1,1.0,2,1,3,8.960210955576986,5.480638923341991,5.886104031450156
213,1,1,3.0,1,1,1.0,0,1,3,8.648747631156539,4.867534450455582,5.886104031450156
214,1,1,0.0,0,0,1.0,2,1,3,8.731336360533149,4.919980925828125,5.886104031450156
215,1,1,3.0,1,0,1.0,1,1,3,8.483222671845084,4.605170185988092,5.886104031450156
216,1,1,0.0,0,0,1.0,0,0,3,7.575584651557793,4.90527477843843,5.886104031450156
217,1,1,0.0,0,0,1.0,1,1,3,8.61286694148452,4.875197323201151,5.886104031450156
218,1,1,2.0,0,0,0.0,1,0,3,8.517193191416238,4.276666119016055,5.886104031450156
219,0,1,2.0,0,0,0.8421985815602837,1,1,3,8.804775258867686,4.844187086458591,5.886104031450156
220,1,1,0.0,0,0,0.0,2,0,3,7.7057128238944275,4.0943445622221,5.886104031450156
221,1,1,2.0,0,0,1.0,1,1,4,8.65277248565806,4.7535901911063645,5.886104031450156
222,1,0,0.0,0,0,1.0,1,1,4,8.659039915644474,4.969813299576001,5.886104031450156
223,1,1,0.0,0,0,1.0,1,1,4,9.058121158998672,5.1647859739235145,5.834810737062605
224,1,1,0.0,0,0,1.0,1,1,4,8.740336742730447,4.852030263919617,5.886104031450156
225,1,1,0.0,0,0,1.0,0,0,4,8.086410275323782,5.135798437050262,5.886104031450156
226,1,1,0.0,1,1,1.0,2,0,4,8.462737005620179,4.927253685157205,5.886104031450156
227,1,1,2.0,0,0,1.0,1,1,4,8.980298078970817,5.3471075307174685,5.886104031450156
228,1,1,0.0,0,0,1.0,1,1,4,8.467582690862903,5.062595033026967,6.173786103901937
229,1,0,0.0,0,1,1.0,0,1,4,8.764053269347762,5.298317366548036,5.886104031450156
230,1,1,1.0,0,0,1.0,1,1,4,8.421783006611578,4.6443908991413725,5.886104031450156
231,1,1,0.0,0,0,1.0,0,1,4,8.22040309993373,3.7376696182833684,5.19295685089021
232,1,0,0.0,1,0,1.0,0,1,4,8.663369301573839,4.787491742782046,5.834810737062605
233,0,0,0.0,0,0,1.0,1,1,4,9.027978814382207,5.634789603169249,5.886104031450156
234,1,1,1.0,0,0,1.0,1,1,4,8.503905297089302,4.941642422609304,5.886104031450156
235,1,1,1.0,0,0,1.0,0,1,4,8.81877816903701,5.135798437050262,5.886104031450156
236,1,1,0.0,0,0,0.8421985815602837,2,0,4,8.656259239539235,5.541263545158426,5.886104031450156
237,0,0,0.0,0,1,0.8421985815602837,2,1,4,8.149890544402423,4.804021044733257,5.886104031450156
238,0,0,1.0,0,0,1.0,0,1,4,8.245909264774093,4.718498871295094,5.886104031450156
239,1,1,1.0,0,0,1.0,1,1,4,8.106212902619962,4.564348191467836,5.886104031450156
240,1,1,2.0,0,0,1.0,0,1,1,9.289059126687574,4.787491742782046,5.886104031450156
241,1,1,1.0,1,0,1.0,2,0,4,8.41027590907016,4.941642422609304,5.19295685089021
242,1,0,0.0,0,0,1.0,2,1,0,9.067162602299854,5.043425116919247,4.0943445622221
243,1,1,2.0,0,1,1.0,0,1,0,8.92930284224307,4.68213122712422,5.886104031450156
244,1,1,0.0,1,0,1.0,1,1,0,8.96482339168508,4.812184355372417,5.886104031450156
245,1,0,0.0,0,1,1.0,2,0,2,9.247925132303454,4.787491742782046,5.19295685089021
246,1,1,2.0,0,0,1.0,2,1,0,9.1801903950253,4.718498871295094,5.886104031450156
247,1,1,1.0,1,0,1.0,2,1,0,8.796036315200814,4.919980925828125,5.19295685089021
248,1,1,1.0,0,0,1.0,1,1,4,8.460622839927844,4.812184355372417,6.173786103901937
249,1,1,0.0,0,0,1.0,2,1,0,8.209852481301272,4.499809670330265,5.886104031450156
250,1,1,0.0,1,0,0.0,1,0,0,8.62299361030245,5.303304908059076,5.886104031450156
251,0,0,2.0,0,0,1.0,2,0,1,8.139440521874608,4.927253685157205,5.886104031450156
252,1,0,0.0,1,1,1.0,0,1,0,8.465899897028686,4.6443908991413725,5.886104031450156
253,1,1,1.0,1,0,1.0,1,1,0,9.186252576447092,5.631211781821365,5.19295685089021
254,1,0,0.0,0,1,0.0,2,0,0,9.695848187757884,5.2574953720277815,5.886104031450156
255,0,0,3.0,0,0,1.0,0,1,1,8.03365842788615,5.541263545158426,5.886104031450156
256,1,0,0.0,1,0,0.0,0,0,0,8.706986763048892,4.74493212836325,5.886104031450156
257,1,1,3.0,0,0,1.0,2,0,1,8.565983355585669,4.543294782270004,5.886104031450156
258,1,1,0.0,0,0,1.0,0,0,3,9.72812174830818,5.717027701406222,5.886104031450156
259,1,1,3.0,1,0,0.8421985815602837,1,0,3,8.503297086224126,4.852030263919617,5.886104031450156
260,1,1,1.0,0,0,0.8421985815602837,2,1,3,9.243097936214355,5.799092654460526,5.886104031450156
261,1,0,0.0,0,0,1.0,1,1,4,8.359134886757962,4.897839799950911,5.886104031450156
262,0,0,1.0,0,0,1.0,1,0,4,8.15507488781144,5.043425116919247,3.58351893845611
263,0,0,0.0,0,0,1.0,0,1,4,8.881836305004146,4.787491742782046,5.886104031450156
264,1,0,0.0,0,1,1.0,1,1,4,8.549853973655786,4.852030263919617,5.886104031450156
265,1,0,0.0,0,0,1.0,0,1,3,8.928242677818302,5.017279836814924,5.886104031450156
266,1,1,2.0,0,0,1.0,1,1,3,8.715224041915372,5.0106352940962555,5.886104031450156
267,1,1,3.0,0,0,0.0,2,1,3,8.723231274827508,5.075173815233827,5.886104031450156
268,0,0,0.0,0,0,1.0,0,0,0,8.136810863675537,4.90527477843843,5.886104031450156
269,0,0,1.0,0,0,1.0,2,1,3,8.397508348470257,4.499809670330265,5.886104031450156
270,0,0,0.0,0,0,1.0,2,1,0,8.082402253926244,3.4011973816621555,5.886104031450156
271,1,1,0.0,0,0,1.0,2,1,0,9.318835968129482,4.912654885736052,5.886104031450156
272,1,0,0.0,0,0,1.0,0,1,0,8.453187861440325,4.836281906951478,5.886104031450156
273,1,1,0.0,0,0,1.0,1,1,0,8.48528964240323,5.0106352940962555,5.886104031450156
274,1,1,2.0,0,0,1.0,1,1,1,8.268731832117737,4.499809670330265,5.886104031450156
275,1,1,1.0,0,0,1.0,1,1,1,8.432070937999402,4.74493212836325,5.886104031450156
276,1,1,0.0,0,0,1.0,1,1,3,8.891098830616636,5.332718793265369,5.886104031450156
277,1,1,0.0,0,0,1.0,2,1,3,8.390041405755754,4.382026634673881,5.886104031450156
278,1,1,0.0,0,0,1.0,1,1,3,9.587611745713565,6.077642243349034,5.886104031450156
279,0,1,0.0,1,0,0.8421985815602837,0,1,3,8.318742252692399,4.820281565605037,5.886104031450156
280,1,0,1.0,1,1,0.0,2,0,3,8.776321456449958,5.062595033026967,5.886104031450156
281,1,1,0.0,0,0,1.0,1,1,3,8.461046030793236,4.718498871295094,5.886104031450156
282,1,1,2.0,0,0,1.0,2,1,3,8.563018966121653,4.356708826689592,5.19295685089021
283,0,0,0.0,0,0,1.0,2,1,3,8.153925132007862,3.9889840465642745,5.886104031450156
284,1,1,0.0,0,0,1.0,0,0,3,9.936293504261306,4.986425672954842,5.886104031450156
285,1,0,0.0,0,0,1.0,0,1,3,8.734077192559303,4.48863636973214,5.886104031450156
286,0,0,0.0,0,1,1.0,1,0,3,8.370315995555478,4.59511985013459,5.703782474656201
287,1,1,0.0,0,0,1.0,0,1,3,8.648922962094131,4.787491742782046,5.886104031450156
288,0,0,0.0,0,0,1.0,1,1,3,8.32457884513685,4.74493212836325,5.886104031450156
289,1,0,0.0,0,0,1.0,0,1,3,9.159888828480085,5.231108616854587,5.886104031450156
290,1,1,0.0,0,0,1.0,0,1,4,8.610865667278873,4.9344739331306915,5.886104031450156
291,1,1,2.0,0,0,0.0,1,0,4,8.389359819906353,4.844187086458591,5.886104031450156
292,1,1,2.0,0,0,1.0,2,1,4,8.45807992692373,4.897839799950911,5.886104031450156
293,0,0,0.0,0,0,0.0,2,0,4,8.597297435657898,4.962844630259907,6.173786103901937
294,1,1,0.0,0,0,1.0,1,1,4,8.651199471263972,5.147494476813453,5.886104031450156
295,1,1,3.0,0,0,1.0,2,1,4,8.642238680390461,4.700480365792417,5.886104031450156
296,1,1,1.0,0,0,1.0,1,1,4,8.835646922534773,5.298317366548036,5.886104031450156
297,0,1,1.0,0,0,1.0,2,1,4,8.448057452581375,4.90527477843843,5.886104031450156
298,0,0,0.0,0,0,1.0,0,0,4,8.928110078202646,5.017279836814924,6.173786103901937
299,1,1,1.0,0,0,1.0,2,0,4,8.504918160540624,4.727387818712341,5.886104031450156
300,1,1,0.0,1,0,0.0,2,0,4,8.46252579007393,4.532599493153256,5.886104031450156
301,1,1,0.0,1,0,1.0,1,1,4,8.439231649946526,4.653960350157523,5.886104031450156
302,0,0,0.0,0,0,1.0,0,1,4,8.517193191416238,4.882801922586371,5.886104031450156
303,1,1,1.0,0,0,1.0,2,1,4,8.13973227971767,4.564348191467836,5.886104031450156
304,1,0,0.0,0,0,1.0,0,1,4,8.779557455883728,4.941642422609304,5.886104031450156
305,1,0,0.0,1,0,1.0,2,0,4,7.600902459542082,4.986425672954842,5.886104031450156
306,0,0,0.0,0,0,1.0,0,1,4,8.59932602095476,4.90527477843843,5.886104031450156
307,0,0,0.0,0,0,0.0,2,0,4,8.35772841676521,4.6443908991413725,5.886104031450156
308,1,0,0.0,0,0,1.0,0,0,4,9.915070213779195,6.173786103901937,5.886104031450156
309,1,1,2.0,1,0,0.8421985815602837,0,1,1,8.944680683558895,5.220355825078324,5.886104031450156
310,0,0,0.0,0,0,1.0,1,1,4,7.978310969867722,4.430816798843313,5.886104031450156
311,1,0,0.0,1,0,1.0,1,1,0,8.5814816812986,4.709530201312334,5.886104031450156
312,0,0,0.0,0,0,1.0,0,1,0,7.826842098158293,4.02535169073515,5.886104031450156
313,1,1,2.0,0,1,0.8421985815602837,0,1,0,8.656259239539235,4.969813299576001,4.430816798843313
314,1,1,0.0,0,0,1.0,0,0,2,8.370084326378025,5.0689042022202315,5.886104031450156
315,1,1,1.0,1,0,1.0,2,1,0,8.524962928680598,4.709530201312334,5.19295685089021
316,1,1,2.0,0,0,1.0,1,1,0,8.220672170297252,4.787491742782046,5.886104031450156
317,1,1,0.0,0,0,0.8421985815602837,2,1,4,8.340933226000878,4.477336814478207,5.886104031450156
318,0,0,1.0,0,0,0.8421985815602837,1,1,0,8.172164452111904,4.718498871295094,5.886104031450156
319,1,1,1.0,0,1,1.0,0,0,0,9.210340371976184,5.043425116919247,5.886104031450156
320,1,1,0.0,0,0,1.0,1,1,1,8.426611813185,4.74493212836325,5.886104031450156
321,1,1,3.0,0,0,1.0,1,1,0,8.418697944667139,4.820281565605037,5.886104031450156
322,1,1,2.0,1,0,1.0,0,1,0,8.55468163582723,4.986425672954842,5.886104031450156
323,0,0,0.0,0,0,0.8421985815602837,0,1,0,8.724369949208368,4.882801922586371,5.886104031450156
324,1,1,3.0,0,0,1.0,0,1,1,9.615805480084347,5.703782474656201,5.886104031450156
325,1,1,1.0,0,1,0.0,0,0,0,9.521421537856195,5.929589143389895,5.886104031450156
326,1,0,0.0,0,0,0.0,0,1,1,8.50045386741194,4.867534450455582,5.886104031450156
327,1,1,0.0,0,1,1.0,1,1,3,8.984443032465352,5.214935757608986,5.886104031450156
328,0,1,0.0,0,0,1.0,2,0,3,8.822322177471738,4.700480365792417,5.886104031450156
329,0,0,0.0,0,0,1.0,2,1,3,7.824046010856292,4.204692619390966,5.886104031450156
330,1,0,1.0,0,0,1.0,2,1,4,8.728587995695898,4.762173934797756,5.886104031450156
331,1,0,0.0,0,0,1.0,1,1,4,7.984462732262196,4.584967478670572,5.886104031450156
332,1,0,0.0,0,0,1.0,2,1,4,7.949091499830517,4.2626798770413155,5.886104031450156
333,1,1,0.0,0,0,1.0,2,1,4,11.05622495553552,6.194405391104672,5.19295685089021
334,1,1,1.0,0,1,1.0,2,1,3,9.364433907313582,5.204006687076795,5.19295685089021
335,1,1,0.0,0,1,1.0,1,1,3,9.209640126861789,4.248495242049359,5.834810737062605
336,1,1,1.0,0,0,1.0,0,1,3,8.689127655323706,5.075173815233827,5.886104031450156
337,1,1,2.0,0,1,1.0,0,1,0,8.867850063029406,5.170483995038151,5.886104031450156
338,0,0,3.0,1,0,0.0,2,0,3,7.512071245835466,4.986425672954842,5.886104031450156
339,0,0,0.0,0,0,1.0,1,1,0,8.333270353255308,4.2626798770413155,5.886104031450156
340,1,1,3.0,1,0,1.0,0,0,0,8.350902451694811,5.153291594497779,5.886104031450156
341,0,0,0.0,0,0,1.0,0,0,0,7.774015077250727,3.828641396489095,5.886104031450156
342,1,1,1.0,1,0,1.0,2,1,0,8.662677858158219,5.062595033026967,5.886104031450156
343,1,1,3.0,1,0,1.0,1,1,1,8.062432791583195,4.30406509320417,5.886104031450156
344,1,1,2.0,0,0,1.0,0,1,1,8.499640032168648,4.8283137373023015,5.886104031450156
345,1,1,0.0,0,0,1.0,1,1,1,8.508555998020574,5.075173815233827,5.886104031450156
346,1,1,0.0,1,0,0.0,0,0,4,8.817742129574842,5.0238805208462765,5.886104031450156
347,1,1,2.0,1,0,1.0,2,1,0,8.566173813637858,4.836281906951478,5.886104031450156
348,1,1,0.0,0,0,0.8421985815602837,1,1,0,9.29798488182823,5.556828061699537,5.886104031450156
349,1,1,0.0,0,0,1.0,0,1,0,9.090993614343617,5.231108616854587,5.886104031450156
350,1,1,0.0,0,0,1.0,1,1,2,9.114159813502214,5.429345628954441,5.886104031450156
351,1,0,0.0,0,0,1.0,0,0,0,9.466299552232016,5.730099782973574,5.886104031450156
352,1,1,3.0,0,0,1.0,0,1,0,8.465689348549121,4.553876891600541,5.886104031450156
353,0,1,0.0,0,1,0.0,0,0,4,8.612503371220562,4.653960350157523,5.886104031450156
354,0,1,0.0,0,0,1.0,1,1,0,7.982074875081202,4.867534450455582,5.886104031450156
355,0,0,0.0,0,0,1.0,2,1,0,8.246171559857563,4.7535901911063645,5.19295685089021
356,1,1,2.0,0,0,1.0,0,1,1,9.350102314351341,5.10594547390058,5.886104031450156
357,1,1,1.0,0,0,1.0,2,0,0,8.262300941787448,4.204692619390966,5.886104031450156
358,1,1,0.0,1,0,0.0,2,0,0,8.448057452581375,4.605170185988092,6.173786103901937
359,1,1,3.0,0,0,1.0,1,1,0,9.0280988119824,5.298317366548036,5.886104031450156
360,0,0,1.0,0,0,1.0,1,0,1,8.460199469896118,4.394449154672439,5.886104031450156
361,1,1,2.0,0,0,1.0,1,1,0,9.067277989134345,5.4638318050256105,5.886104031450156
362,1,1,0.0,0,0,1.0,2,1,1,8.865452825753623,4.867534450455582,5.886104031450156
363,1,1,0.0,0,0,0.8421985815602837,2,1,3,8.707152175339404,4.553876891600541,5.703782474656201
364,1,0,0.0,0,1,1.0,0,1,3,8.82790796297859,4.948759890378168,5.886104031450156
365,1,0,0.0,1,0,1.0,0,0,3,8.734881892047483,4.890349128221754,5.886104031450156
366,1,0,0.0,0,0,1.0,1,0,4,7.824046010856292,4.564348191467836,6.173786103901937
367,1,0,0.0,0,0,0.0,0,0,4,8.541690663016626,4.820281565605037,5.834810737062605
368,1,1,1.0,0,0,1.0,1,1,4,8.752265313595721,5.1647859739235145,5.886104031450156
369,1,1,0.0,0,0,1.0,0,0,4,10.126471091048971,6.345636360828596,5.886104031450156
370,0,0,0.0,0,1,1.0,1,1,3,9.665166909622071,4.007333185232471,5.886104031450156
371,1,1,2.0,0,0,1.0,1,1,3,8.553525120663627,5.043425116919247,5.886104031450156
372,1,1,2.0,0,1,1.0,0,1,3,9.752432077616172,5.940171252720432,5.703782474656201
373,1,0,1.0,0,0,0.0,2,0,0,8.526945482858915,4.709530201312334,5.19295685089021
374,0,0,0.0,0,0,1.0,2,1,3,8.348301054933943,4.700480365792417,5.886104031450156
375,1,1,0.0,0,0,1.0,2,1,0,8.655214489313613,4.787491742782046,5.19295685089021
376,1,1,3.0,0,0,1.0,0,1,0,9.52850315168155,4.867534450455582,5.886104031450156
377,1,1,0.0,0,0,0.8421985815602837,1,1,0,8.368693183097793,4.867534450455582,5.886104031450156
378,1,0,0.0,0,0,1.0,2,0,0,8.029107054619736,4.2626798770413155,6.173786103901937
379,1,1,2.0,0,0,1.0,2,1,1,8.592486175451668,4.867534450455582,5.886104031450156
380,1,1,0.0,0,0,1.0,1,1,1,8.671286726753637,4.852030263919617,5.886104031450156
381,1,0,0.0,0,0,1.0,1,1,1,9.227492430793749,5.69035945432406,5.886104031450156
382,0,0,0.0,0,0,1.0,2,1,1,8.699514748210191,5.049856007249537,5.886104031450156
383,1,0,0.0,0,1,1.0,2,1,1,8.877242435993919,4.852030263919617,5.886104031450156
384,1,1,2.0,0,0,1.0,2,0,1,8.42639282708974,4.605170185988092,5.886104031450156
385,1,0,1.0,0,0,1.0,2,1,2,8.207129168071326,4.727387818712341,5.19295685089021
386,1,0,0.0,1,0,1.0,1,1,2,8.28045768658256,4.882801922586371,5.886104031450156
387,1,1,0.0,1,0,0.0,2,0,2,8.72355674269043,4.986425672954842,5.886104031450156
388,1,1,0.0,0,0,1.0,2,1,2,8.465899897028686,4.912654885736052,5.886104031450156
389,1,1,0.0,0,0,1.0,0,1,2,8.610319169405722,4.8283137373023015,5.886104031450156
390,1,0,3.0,0,0,1.0,0,1,2,9.123365357961776,5.220355825078324,5.886104031450156
391,1,1,3.0,0,0,1.0,0,1,2,9.159468041602427,5.616771097666572,5.886104031450156
392,1,1,0.0,0,0,0.8421985815602837,2,1,2,8.454892165218858,4.787491742782046,5.886104031450156
393,1,1,2.0,1,0,1.0,1,1,2,8.193676665955241,4.727387818712341,5.19295685089021
394,1,1,2.0,0,0,1.0,2,1,3,8.411832675758411,4.727387818712341,5.886104031450156
395,1,1,2.0,0,0,0.8421985815602837,1,1,3,8.23217423638394,4.90527477843843,5.886104031450156
396,0,0,0.0,0,0,0.0,2,0,3,8.064636475774222,4.2626798770413155,5.886104031450156
397,1,1,0.0,0,0,1.0,2,1,3,8.410053315858335,4.553876891600541,5.886104031450156
398,1,0,0.0,1,0,1.0,0,1,4,8.624791202014256,4.6913478822291435,5.886104031450156
399,0,0,0.0,0,0,0.0,1,0,4,8.101677747454572,4.634728988229636,5.886104031450156
400,1,1,2.0,1,0,0.0,2,0,3,7.968665700466235,3.8066624897703196,5.19295685089021
401,1,0,0.0,1,0,1.0,0,0,3,7.9211727215870145,4.174387269895637,5.703782474656201
402,1,0,0.0,0,0,1.0,1,1,3,10.021270588192511,4.634728988229636,5.886104031450156
403,0,0,0.0,1,0,1.0,1,1,3,7.5822291942764615,3.970291913552122,5.886104031450156
404,0,0,0.0,0,1,1.0,0,0,3,8.914760527397261,5.267858159063328,5.886104031450156
405,0,0,0.0,0,0,1.0,1,1,3,8.42222295382501,4.74493212836325,5.886104031450156
406,1,1,0.0,1,0,1.0,2,1,3,8.426611813185,4.74493212836325,5.886104031450156
407,0,0,0.0,1,0,1.0,0,1,3,7.70210434005105,4.189654742026425,5.886104031450156
408,1,1,1.0,0,0,0.0,1,0,3,9.02401079378469,5.0238805208462765,5.703782474656201
409,1,1,3.0,0,0,0.0,0,0,3,11.302204433654575,5.886104031450156,5.886104031450156
410,0,0,1.0,1,1,1.0,1,0,3,8.260234291607297,4.127134385045092,5.886104031450156
411,1,1,0.0,0,0,0.8421985815602837,2,1,3,8.741296282225147,5.075173815233827,5.886104031450156
412,1,1,0.0,1,0,0.0,0,0,3,8.715388097366482,5.384495062789089,5.886104031450156
413,1,1,0.0,1,0,1.0,0,1,3,8.363109176033522,4.700480365792417,5.886104031450156
414,0,1,0.0,1,0,0.0,1,0,3,8.591558273371545,5.181783550292085,5.886104031450156
415,0,0,0.0,0,0,1.0,2,1,3,8.00469951054955,4.0943445622221,5.886104031450156
416,0,0,1.0,0,0,1.0,2,0,3,7.8632667240095735,5.075173815233827,5.886104031450156
417,1,1,2.0,0,1,1.0,2,0,3,9.980448593672257,5.476463551931511,5.886104031450156
418,1,1,0.0,0,0,1.0,0,1,3,8.242229891372231,4.718498871295094,5.886104031450156
419,1,1,0.0,0,0,1.0,1,1,3,8.44741429680832,4.927253685157205,5.886104031450156
420,1,1,0.0,0,0,1.0,0,1,3,8.67060073804555,4.927253685157205,5.886104031450156
421,0,0,0.0,1,0,0.0,2,0,3,7.908387159290043,4.382026634673881,5.834810737062605
422,1,1,0.0,0,0,1.0,2,1,3,8.171599480345463,4.605170185988092,5.886104031450156
423,1,1,1.0,0,0,0.0,2,0,3,9.095714846134879,4.700480365792417,5.834810737062605
424,1,1,0.0,0,0,1.0,1,1,3,9.607773308387083,4.564348191467836,5.886104031450156
425,1,1,0.0,0,0,1.0,0,1,3,8.848796450925947,4.795790545596741,5.886104031450156
426,0,0,1.0,1,0,1.0,0,0,4,8.43511508038063,4.394449154672439,5.886104031450156
427,1,1,2.0,0,0,1.0,1,1,4,8.688622307043769,4.890349128221754,5.886104031450156
428,1,1,0.0,0,0,1.0,0,1,4,8.674788218377971,4.465908118654584,5.886104031450156
429,1,0,0.0,1,0,1.0,2,1,4,7.907283609426348,4.0943445622221,5.19295685089021
430,0,0,1.0,0,1,1.0,1,1,4,9.06230429314878,5.0106352940962555,5.886104031450156
431,1,0,0.0,0,0,0.0,0,0,4,8.779557455883728,4.653960350157523,5.886104031450156
432,1,0,0.0,0,0,1.0,1,1,4,9.463120392418698,6.003887067106539,5.886104031450156
433,1,1,0.0,0,0,1.0,1,1,4,8.469052816088302,4.962844630259907,5.886104031450156
434,1,0,0.0,0,0,1.0,2,1,4,8.229511118964457,4.605170185988092,5.886104031450156
435,0,1,0.0,0,0,1.0,1,1,4,9.215029361462314,4.986425672954842,5.480638923341991
436,1,0,0.0,0,0,1.0,1,1,4,8.236685322712457,3.912023005428146,5.886104031450156
437,1,1,0.0,0,0,1.0,2,1,4,8.11312710422178,4.986425672954842,5.886104031450156
438,1,0,0.0,0,1,0.0,2,0,4,9.251098364448351,5.231108616854587,5.886104031450156
439,0,1,0.0,1,1,1.0,0,1,4,8.873748128154395,4.927253685157205,5.886104031450156
440,1,0,0.0,0,0,1.0,1,1,4,9.07383312732152,5.231108616854587,5.886104031450156
441,1,1,0.0,0,0,1.0,0,1,4,9.1833801903934,5.19295685089021,5.886104031450156
442,1,0,3.0,1,0,1.0,1,1,4,8.809862805379057,4.997212273764115,5.886104031450156
443,1,0,1.0,0,0,1.0,1,1,4,10.537919225261291,5.0238805208462765,5.886104031450156
444,1,1,0.0,0,0,0.8421985815602837,0,1,4,9.659248037927183,5.1647859739235145,5.703782474656201
445,1,1,1.0,0,1,1.0,0,1,1,8.450198322591959,4.867534450455582,5.886104031450156
446,1,1,2.0,1,0,1.0,0,1,4,8.445052513638554,4.700480365792417,5.886104031450156
447,1,1,0.0,0,0,1.0,0,0,0,8.500047032581268,4.007333185232471,5.886104031450156
448,1,1,2.0,0,0,0.0,0,0,0,8.527143522269405,5.0106352940962555,5.886104031450156
449,1,0,1.0,1,1,0.8421985815602837,1,0,0,8.368925174747135,5.247024072160486,5.886104031450156
450,1,1,2.0,1,0,0.0,0,0,2,8.1786387885907,4.8283137373023015,5.886104031450156
451,1,1,2.0,1,0,0.8421985815602837,2,1,0,8.135639903354386,4.0943445622221,5.703782474656201
452,1,1,0.0,0,0,0.0,0,0,0,8.644882552557126,5.003946305945459,5.886104031450156
453,1,1,0.0,0,0,0.0,0,1,4,8.506940814951886,4.499809670330265,5.19295685089021
454,1,0,0.0,0,1,1.0,1,1,0,8.865735152124781,4.430816798843313,5.886104031450156
455,1,1,2.0,0,0,1.0,1,1,0,8.258163361537619,4.564348191467836,5.886104031450156
456,1,1,0.0,0,0,1.0,2,1,1,8.366602832783736,4.770684624465665,5.886104031450156
457,1,1,0.0,0,0,1.0,2,0,0,8.744647438317532,5.153291594497779,5.886104031450156
458,1,0,2.0,0,0,1.0,0,1,0,8.378850241794492,4.912654885736052,5.886104031450156
459,1,1,0.0,0,0,1.0,1,0,0,9.0280988119824,5.075173815233827,5.886104031450156
460,1,1,0.0,0,1,0.8421985815602837,1,1,1,8.726805608446096,5.075173815233827,5.886104031450156
461,1,1,3.0,0,0,1.0,2,1,0,8.954156966583772,4.852030263919617,5.19295685089021
462,1,1,0.0,0,0,1.0,0,1,1,8.556990661290303,5.030437921392435,5.886104031450156
463,0,0,1.0,1,0,1.0,1,1,3,8.55468163582723,4.882801922586371,5.886104031450156
464,1,0,0.0,0,0,0.0,1,0,3,8.334711621820917,4.584967478670572,5.886104031450156
465,1,0,0.0,0,0,1.0,0,1,3,8.699514748210191,4.941642422609304,5.886104031450156
466,1,1,3.0,1,0,0.0,2,0,4,8.436200032206706,4.248495242049359,5.19295685089021
467,1,1,0.0,0,0,1.0,1,1,4,9.722684841711443,4.700480365792417,5.886104031450156
468,0,1,2.0,1,0,1.0,1,1,4,8.047829357457841,4.584967478670572,5.886104031450156
469,1,1,0.0,0,0,1.0,2,0,4,8.822322177471738,4.700480365792417,5.886104031450156
470,1,1,1.0,0,1,1.0,1,1,3,8.617762246337932,5.087596335232384,5.886104031450156
471,1,1,1.0,1,0,0.0,0,0,3,8.331586243630754,4.727387818712341,5.19295685089021
472,1,1,3.0,0,0,1.0,1,1,3,8.453401058328458,4.605170185988092,5.886104031450156
473,0,0,0.0,0,1,0.8421985815602837,2,1,0,7.824046010856292,4.532599493153256,5.886104031450156
474,1,0,2.0,0,0,1.0,0,1,3,9.228180290104513,5.087596335232384,5.886104031450156
475,1,1,2.0,0,1,1.0,0,1,0,9.772182251758139,5.0106352940962555,5.886104031450156
476,1,1,2.0,0,0,1.0,1,1,0,9.041921720351219,5.438079308923196,5.703782474656201
477,1,1,2.0,0,0,0.0,1,0,0,8.464846711044029,4.882801922586371,5.886104031450156
478,1,1,1.0,0,1,1.0,1,1,0,9.847816267665664,4.454347296253507,5.886104031450156
479,1,1,2.0,0,0,1.0,2,0,1,8.422882511944996,4.986425672954842,5.886104031450156
480,0,0,0.0,1,0,1.0,0,1,1,8.37793112408273,5.0369526024136295,5.886104031450156
481,1,1,3.0,1,0,1.0,0,1,1,8.037543185118697,4.727387818712341,5.886104031450156
482,1,1,0.0,0,0,1.0,1,1,1,8.562740006372207,4.852030263919617,5.886104031450156
483,1,1,0.0,0,0,1.0,1,1,1,9.290352309945568,5.455321115357702,5.886104031450156
484,1,1,2.0,0,0,1.0,1,1,1,9.027978814382207,5.5053315359323625,5.886104031450156
485,1,1,1.0,1,0,1.0,0,1,2,8.387995252944556,4.875197323201151,5.886104031450156
486,1,0,2.0,0,0,0.0,0,0,2,8.173857454773621,4.382026634673881,5.886104031450156
487,1,1,1.0,0,0,1.0,2,0,2,9.816457993563025,6.214608098422191,5.886104031450156
488,1,1,2.0,0,1,1.0,1,1,2,8.804775258867686,5.075173815233827,5.886104031450156
489,1,0,0.0,0,0,1.0,2,0,2,7.79770203551669,4.31748811353631,5.886104031450156
490,1,0,0.0,1,0,0.8421985815602837,1,1,2,8.609590040682205,4.564348191467836,5.886104031450156
491,1,1,1.0,1,0,0.8421985815602837,2,1,2,8.774003600200931,5.225746673713202,5.886104031450156
492,1,0,0.0,1,0,1.0,0,1,2,8.213652703029998,4.700480365792417,5.886104031450156
493,0,0,0.0,1,1,1.0,1,1,2,9.756320761816548,5.41610040220442,5.886104031450156
494,1,1,0.0,0,0,0.0,0,0,3,8.657650544111494,4.77912349311153,5.886104031450156
495,0,1,1.0,0,0,1.0,1,1,3,8.352082671352637,4.653960350157523,4.430816798843313
496,1,1,0.0,1,0,1.0,0,1,3,8.366370301681654,4.672828834461906,5.886104031450156
497,1,1,0.0,0,0,0.8421985815602837,2,1,3,8.920255414908091,4.709530201312334,2.4849066497880004
498,1,1,1.0,0,1,1.0,1,1,4,7.970740390007095,4.553876891600541,5.886104031450156
499,1,0,0.0,0,0,0.0,0,0,4,9.277905558138606,5.342334251964811,5.886104031450156
500,0,0,0.0,0,0,1.0,0,1,3,8.372860820526318,4.727387818712341,6.173786103901937
501,0,0,0.0,0,0,1.0,1,1,3,8.058010800802085,4.605170185988092,5.886104031450156
502,1,1,2.0,0,0,1.0,1,1,3,9.258082367961604,5.337538079701318,5.886104031450156
503,1,1,1.0,1,0,0.8421985815602837,0,0,3,9.143345503151904,4.927253685157205,5.886104031450156
504,1,1,0.0,1,0,1.0,1,1,3,8.574895901544526,4.820281565605037,5.703782474656201
505,1,1,2.0,0,0,1.0,0,1,2,8.97790377375038,5.493061443340548,5.886104031450156
506,1,1,0.0,0,0,0.8421985815602837,2,1,3,10.221941283654663,6.173786103901937,5.886104031450156
507,1,0,0.0,0,0,1.0,2,0,3,8.183955717304954,4.564348191467836,5.886104031450156
508,1,1,0.0,0,1,1.0,2,1,3,8.61104776688786,5.236441962829949,5.886104031450156
509,0,0,1.0,0,0,1.0,2,1,3,9.492658081928813,3.6888794541139363,5.886104031450156
510,1,0,0.0,1,0,1.0,0,0,3,8.493924564476883,4.605170185988092,5.886104031450156
511,1,1,1.0,0,0,1.0,1,1,3,8.995784837848506,5.521460917862246,5.886104031450156
512,1,1,2.0,0,0,1.0,2,1,3,8.578852571802965,4.997212273764115,5.886104031450156
513,1,1,0.0,0,0,1.0,1,0,3,9.082052351674651,4.248495242049359,5.19295685089021
514,1,0,0.0,0,0,1.0,0,0,3,9.15704507491796,5.739792912179234,5.886104031450156
515,1,1,3.0,0,0,1.0,0,1,3,8.83840674707681,5.0106352940962555,5.886104031450156
516,0,1,2.0,0,0,1.0,1,1,3,8.206037762778815,4.727387818712341,6.173786103901937
517,1,1,0.0,1,0,0.0,1,0,3,8.491670234185152,4.812184355372417,5.886104031450156
518,1,0,0.0,0,0,1.0,1,0,3,8.794521851788527,5.220355825078324,5.886104031450156
519,0,0,0.0,1,0,1.0,0,0,3,8.131530710604252,4.553876891600541,5.886104031450156
520,1,1,2.0,1,0,1.0,1,1,3,8.277411998949004,3.8066624897703196,5.886104031450156
521,1,0,0.0,0,0,1.0,1,1,3,7.824046010856292,4.007333185232471,5.886104031450156
522,1,1,3.0,0,1,1.0,0,1,3,8.867990898182093,4.605170185988092,5.886104031450156
523,1,1,2.0,0,1,1.0,0,1,3,9.623376745580666,6.173786103901937,5.886104031450156
524,1,0,0.0,0,0,1.0,1,0,3,8.819813136232225,4.986425672954842,5.886104031450156
525,1,1,2.0,0,1,1.0,0,1,3,9.769956159911606,5.991464547107982,5.886104031450156
526,1,1,0.0,0,0,1.0,1,1,4,8.236155661683124,4.700480365792417,5.886104031450156
527,1,1,1.0,1,0,0.0,1,1,4,8.812099108957337,5.081404364984463,5.886104031450156
528,1,0,1.0,1,0,1.0,1,1,4,8.289288323000317,4.543294782270004,5.886104031450156
529,1,0,0.0,1,0,1.0,1,1,4,8.82217476094608,4.867534450455582,5.886104031450156
530,1,1,0.0,0,0,0.8421985815602837,0,1,4,8.783396232190894,5.375278407684165,5.886104031450156
531,1,1,3.0,0,0,1.0,2,1,4,8.361941906144946,4.605170185988092,5.886104031450156
532,1,0,2.0,0,0,0.0,0,0,4,8.185350223178686,4.700480365792417,5.886104031450156
533,1,0,1.0,0,0,0.8421985815602837,1,0,4,9.328123407632566,5.278114659230517,5.886104031450156
534,0,0,0.0,1,1,1.0,2,1,4,9.807251944655302,4.8283137373023015,5.886104031450156
535,1,0,0.0,1,0,1.0,0,1,4,8.432070937999402,4.836281906951478,5.886104031450156
536,1,1,0.0,0,0,1.0,2,1,4,9.214232786691527,5.780743515792329,5.886104031450156
537,1,0,2.0,0,0,1.0,1,1,4,8.193400231952097,4.672828834461906,5.886104031450156
538,1,1,0.0,1,0,1.0,0,0,4,8.146998697389993,4.189654742026425,5.886104031450156
539,1,1,3.0,0,0,1.0,0,1,4,8.766705997750515,5.056245805348308,5.19295685089021
540,0,1,1.0,0,0,1.0,1,1,4,8.916371914881694,4.941642422609304,5.19295685089021
541,0,0,0.0,0,0,0.0,1,0,4,7.6676260915849905,4.59511985013459,5.886104031450156
542,0,0,1.0,0,0,1.0,1,1,4,8.20303024171486,4.553876891600541,5.886104031450156
543,1,1,1.0,1,0,1.0,2,1,4,8.46863300080086,4.852030263919617,5.886104031450156
544,0,1,0.0,1,0,0.8421985815602837,1,1,4,8.210668031162976,4.624972813284271,5.886104031450156
545,1,1,0.0,0,0,1.0,0,1,3,8.45914025996762,5.043425116919247,5.886104031450156
546,1,0,0.0,1,0,1.0,1,0,3,8.119100837637486,4.382026634673881,3.58351893845611
547,1,0,0.0,0,0,1.0,0,1,3,8.368461137615839,4.976733742420574,5.886104031450156
548,0,0,0.0,0,0,0.0,1,0,3,8.517193191416238,4.634728988229636,5.886104031450156
549,1,1,0.0,0,0,1.0,0,1,3,8.476579508530941,4.700480365792417,5.886104031450156
550,1,1,2.0,0,1,0.0,0,0,3,8.799812469525556,4.986425672954842,5.886104031450156
551,1,1,1.0,1,0,1.0,0,1,3,8.490233009833455,4.986425672954842,5.886104031450156
552,1,1,1.0,0,0,1.0,2,1,3,8.792245847467877,5.062595033026967,5.886104031450156
553,1,1,0.0,1,0,0.0,2,0,3,8.473659189392508,5.198497031265826,5.886104031450156
554,1,1,0.0,0,0,0.0,0,0,3,8.969414650866176,4.882801922586371,5.19295685089021
555,1,1,1.0,0,0,1.0,1,1,3,8.779557455883728,3.258096538021482,5.886104031450156
556,0,0,0.0,0,0,0.8421985815602837,2,1,3,8.36450810375059,4.430816798843313,5.886104031450156
557,1,1,3.0,0,1,1.0,1,1,3,9.22414465295258,5.560681631015528,5.886104031450156
558,1,1,0.0,0,0,1.0,1,1,3,8.78813593986372,5.087596335232384,5.886104031450156
559,0,1,0.0,0,0,1.0,1,1,3,8.777401286867264,5.204006687076795,5.886104031450156
560,1,1,2.0,1,0,1.0,1,1,3,8.27308133366583,4.68213122712422,5.886104031450156
561,0,1,1.0,0,1,1.0,1,1,3,9.877348894926433,6.396929655216146,5.886104031450156
562,1,1,0.0,0,0,1.0,0,1,3,8.984317679911129,5.351858133476067,5.886104031450156
563,1,0,0.0,1,1,1.0,1,1,3,8.66561319653451,4.882801922586371,5.886104031450156
564,1,1,2.0,0,0,0.0,2,0,3,9.08239335764556,5.552959584921617,5.886104031450156
565,1,1,0.0,1,0,0.8421985815602837,0,1,3,8.404472321352118,4.787491742782046,5.886104031450156
566,1,0,0.0,0,0,1.0,2,1,4,8.11162807830774,4.248495242049359,5.886104031450156
567,1,1,3.0,0,0,0.0,0,0,2,8.68270762989381,4.812184355372417,5.886104031450156
568,0,0,0.0,0,0,1.0,2,0,4,7.774015077250727,2.1972245773362196,5.886104031450156
569,1,1,0.0,0,0,0.0,2,0,4,8.56216655705897,4.6443908991413725,5.886104031450156
570,1,1,1.0,0,0,1.0,2,1,4,8.550047528287184,5.225746673713202,5.886104031450156
571,1,1,0.0,0,0,0.0,2,0,4,8.789812386190972,5.10594547390058,5.886104031450156
572,1,1,2.0,0,0,1.0,2,1,4,9.721125994942152,5.616771097666572,5.886104031450156
573,1,1,2.0,1,0,1.0,1,0,4,8.955448122347393,5.231108616854587,6.173786103901937
574,1,1,3.0,0,0,1.0,1,0,4,8.764990330169104,5.0106352940962555,5.886104031450156
575,1,1,2.0,0,0,1.0,2,1,4,8.194229304819817,4.68213122712422,4.430816798843313
576,1,1,0.0,0,0,0.0,1,0,4,8.574895901544526,4.912654885736052,5.886104031450156
577,1,0,0.0,0,0,1.0,2,1,4,8.694167141883597,4.700480365792417,5.886104031450156
578,1,1,1.0,0,0,1.0,0,1,4,8.297543529356284,4.672828834461906,5.886104031450156
579,1,0,0.0,0,0,1.0,2,1,4,8.715880102296456,5.081404364984463,5.886104031450156
580,1,1,2.0,0,0,1.0,1,1,4,8.785692444451245,5.3230099791384085,5.886104031450156
581,1,0,0.0,0,0,1.0,2,0,4,10.482149379105689,4.499809670330265,5.886104031450156
582,0,1,0.0,0,0,1.0,1,1,4,8.060224240440958,3.58351893845611,5.886104031450156
583,1,1,1.0,0,0,0.8421985815602837,0,0,4,7.539027055823995,4.110873864173311,5.886104031450156
584,1,1,1.0,0,0,0.0,0,0,4,8.456168489578463,4.983606621708336,5.886104031450156
585,1,1,1.0,0,0,1.0,0,0,1,8.893298144217916,5.147494476813453,4.430816798843313
586,1,1,0.0,0,0,1.0,2,1,4,8.247743887225516,4.6443908991413725,5.886104031450156
587,0,0,0.0,1,0,1.0,1,1,0,7.68017564043659,4.248495242049359,5.886104031450156
588,1,0,0.0,0,0,1.0,1,1,0,8.465899897028686,4.543294782270004,5.886104031450156
589,1,1,2.0,0,1,0.0,1,0,0,7.9105906122564775,4.663439094112067,5.886104031450156
590,1,1,0.0,0,0,1.0,1,1,2,8.766550149546351,4.02535169073515,5.19295685089021
591,1,1,2.0,0,1,1.0,1,0,0,8.699514748210191,5.3230099791384085,5.480638923341991
592,1,0,3.0,0,1,1.0,1,1,0,9.143880005275912,5.676753802268282,5.886104031450156
593,1,1,0.0,0,0,1.0,0,1,4,8.876125585396185,4.955827057601261,5.19295685089021
594,1,1,0.0,0,1,1.0,2,1,0,9.68781601606062,5.560681631015528,5.886104031450156
595,1,0,0.0,1,0,1.0,0,1,0,8.251403065380556,4.700480365792417,5.886104031450156
596,1,1,2.0,1,1,1.0,0,0,1,8.906935339059165,5.231108616854587,5.886104031450156
597,1,0,0.0,0,0,0.0,1,0,0,8.00202481821611,4.477336814478207,5.886104031450156
598,1,1,0.0,0,1,1.0,0,1,0,9.206633510044856,5.19295685089021,5.886104031450156
599,1,1,2.0,0,0,1.0,2,1,0,8.662158961666423,5.2574953720277815,5.886104031450156
600,0,0,3.0,0,0,0.8421985815602837,2,0,1,10.647399137646048,5.857933154483459,5.19295685089021
601,1,1,0.0,1,0,1.0,0,1,0,8.645762292210945,5.043425116919247,5.886104031450156
602,1,1,3.0,0,0,1.0,2,1,1,8.648747631156539,4.852030263919617,5.886104031450156
603,1,0,0.0,0,0,1.0,0,1,3,8.984317679911129,5.147494476813453,5.886104031450156
604,0,1,1.0,0,0,1.0,1,1,3,9.392661928770137,6.206575926724928,5.886104031450156
605,1,1,0.0,1,0,1.0,2,0,3,8.732304571033183,4.986425672954842,5.19295685089021
606,1,1,1.0,0,0,1.0,1,1,4,8.68270762989381,5.153291594497779,5.886104031450156
607,1,1,2.0,1,0,1.0,0,1,4,8.59378379357795,5.056245805348308,5.886104031450156
608,1,1,0.0,0,0,1.0,0,1,4,8.552946361122055,4.68213122712422,5.886104031450156
609,0,0,0.0,0,0,1.0,0,1,4,7.9724660159745655,4.2626798770413155,5.886104031450156
610,1,1,3.0,0,0,1.0,0,1,3,8.32020459757888,3.6888794541139363,5.19295685089021
611,1,1,1.0,0,0,1.0,2,1,2,9.025455532779063,5.53338948872752,5.886104031450156
612,1,1,2.0,0,0,1.0,2,1,3,8.933664178700935,5.231108616854587,5.886104031450156
613,0,0,0.0,0,1,0.0,1,0,0,8.430109084509125,4.890349128221754,5.886104031450156
