﻿Loan_ID;Gender;Years;Married;Dependents;Education;Self_Employed;ApplicantIncome;CoapplicantIncome;LoanAmount;Loan_Amount_Term;Credit_History;Property_Area;Loan_Status
LP001002;Male;30;No;0;Graduate;No;5849;0;;360;1;Urban;Y
LP001003;Male;60;Yes;1;Graduate;No;4583;1508;128;360;1;Rural;N
LP001005;Male;25;Yes;0;Graduate;Yes;3000;0;66;360;1;Urban;Y
LP001006;Male;18;Yes;0;Not Graduate;No;2583;2358;120;360;1;Urban;Y
LP001008;Male;23;No;0;Graduate;No;6000;0;141;360;1;Urban;Y
LP001011;Male;46;Yes;2;Graduate;Yes;5417;4196;267;360;1;Urban;Y
LP001013;Male;27;Yes;0;Not Graduate;No;2333;1516;95;360;1;Urban;Y
LP001014;Male;18;Yes;3+;Graduate;No;3036;2504;158;360;0;Semiurban;N
LP001018;Male;64;Yes;2;Graduate;No;4006;1526;168;360;1;Urban;Y
LP001020;Male;23;Yes;1;Graduate;No;12841;10968;349;360;1;Semiurban;N
LP001024;Male;19;Yes;2;Graduate;No;3200;700;70;360;1;Urban;Y
LP001027;Male;34;Yes;2;Graduate;;2500;1840;109;360;1;Urban;Y
LP001028;Male;22;Yes;2;Graduate;No;3073;8106;200;360;1;Urban;Y
LP001029;Male;;No;0;Graduate;No;1853;2840;114;360;1;Rural;N
LP001030;Male;29;Yes;2;Graduate;No;1299;1086;17;120;1;Urban;Y
LP001032;Male;33;No;0;Graduate;No;4950;0;125;360;1;Urban;Y
LP001034;Male;20;No;1;Not Graduate;No;3596;0;100;240;;Urban;Y
LP001036;Female;38;No;0;Graduate;No;3510;0;76;360;0;Urban;N
LP001038;Male;56;Yes;0;Not Graduate;No;4887;0;133;360;1;Rural;N
LP001041;Male;58;Yes;0;Graduate;;2600;3500;115;;1;Urban;Y
LP001043;Male;59;Yes;0;Not Graduate;No;7660;0;104;360;0;Urban;N
LP001046;Male;60;Yes;1;Graduate;No;5955;5625;315;360;1;Urban;Y
LP001047;Male;61;Yes;0;Not Graduate;No;2600;1911;116;360;0;Semiurban;N
LP001050;;62;Yes;2;Not Graduate;No;3365;1917;112;360;0;Rural;N
LP001052;Male;60;Yes;1;Graduate;;3717;2925;151;360;;Semiurban;N
LP001066;Male;54;Yes;0;Graduate;Yes;9560;0;191;360;1;Semiurban;Y
LP001068;Male;55;Yes;0;Graduate;No;2799;2253;122;360;1;Semiurban;Y
LP001073;Male;53;Yes;2;Not Graduate;No;4226;1040;110;360;1;Urban;Y
LP001086;Male;23;No;0;Not Graduate;No;1442;0;35;360;1;Urban;N
LP001087;Female;54;No;2;Graduate;;3750;2083;120;360;1;Semiurban;Y
LP001091;Male;21;Yes;1;Graduate;;4166;3369;201;360;;Urban;N
LP001095;Male;24;No;0;Graduate;No;3167;0;74;360;1;Urban;N
LP001097;Male;25;No;1;Graduate;Yes;4692;0;106;360;1;Rural;N
LP001098;Male;26;Yes;0;Graduate;No;3500;1667;114;360;1;Semiurban;Y
LP001100;Male;31;No;3+;Graduate;No;12500;3000;320;360;1;Rural;N
LP001106;Male;32;Yes;0;Graduate;No;2275;2067;;360;1;Urban;Y
LP001109;Male;35;Yes;0;Graduate;No;1828;1330;100;;0;Urban;N
LP001112;Female;36;Yes;0;Graduate;No;3667;1459;144;360;1;Semiurban;Y
LP001114;Male;37;No;0;Graduate;No;4166;7210;184;360;1;Urban;Y
LP001116;Male;39;No;0;Not Graduate;No;3748;1668;110;360;1;Semiurban;Y
LP001119;Male;40;No;0;Graduate;No;3600;0;80;360;1;Urban;N
LP001120;Male;41;No;0;Graduate;No;1800;1213;47;360;1;Urban;Y
LP001123;Male;42;Yes;0;Graduate;No;2400;0;75;360;;Urban;Y
LP001131;Male;43;Yes;0;Graduate;No;3941;2336;134;360;1;Semiurban;Y
LP001136;Male;44;Yes;0;Not Graduate;Yes;4695;0;96;;1;Urban;Y
LP001137;Female;45;No;0;Graduate;No;3410;0;88;;1;Urban;Y
LP001138;Male;47;Yes;1;Graduate;No;5649;0;44;360;1;Urban;Y
LP001144;Male;48;Yes;0;Graduate;No;5821;0;144;360;1;Urban;Y
LP001146;Female;49;Yes;0;Graduate;No;2645;3440;120;360;0;Urban;N
LP001151;Female;50;No;0;Graduate;No;4000;2275;144;360;1;Semiurban;Y
LP001155;Female;51;Yes;0;Not Graduate;No;1928;1644;100;360;1;Semiurban;Y
LP001157;Female;52;No;0;Graduate;No;3086;0;120;360;1;Semiurban;Y
LP001164;Female;57;No;0;Graduate;No;4230;0;112;360;1;Semiurban;N
LP001179;Male;63;Yes;2;Graduate;No;4616;0;134;360;1;Urban;N
LP001186;Female;65;Yes;1;Graduate;Yes;11500;0;286;360;0;Urban;N
LP001194;Male;50;Yes;2;Graduate;No;2708;1167;97;360;1;Semiurban;Y
LP001195;Male;51;Yes;0;Graduate;No;2132;1591;96;360;1;Semiurban;Y
LP001197;Male;51;Yes;0;Graduate;No;3366;2200;135;360;1;Rural;N
LP001198;Male;51;Yes;1;Graduate;No;8080;2250;180;360;1;Urban;Y
LP001199;Male;52;Yes;2;Not Graduate;No;3357;2859;144;360;1;Urban;Y
LP001205;Male;52;Yes;0;Graduate;No;2500;3796;120;360;1;Urban;Y
LP001206;Male;52;Yes;3+;Graduate;No;3029;0;99;360;1;Urban;Y
LP001207;Male;53;Yes;0;Not Graduate;Yes;2609;3449;165;180;0;Rural;N
LP001213;Male;53;Yes;1;Graduate;No;4945;0;;360;0;Rural;N
LP001222;Female;53;No;0;Graduate;No;4166;0;116;360;0;Semiurban;N
LP001225;Male;54;Yes;0;Graduate;No;5726;4595;258;360;1;Semiurban;N
LP001228;Male;54;No;0;Not Graduate;No;3200;2254;126;180;0;Urban;N
LP001233;Male;54;Yes;1;Graduate;No;10750;0;312;360;1;Urban;Y
LP001238;Male;55;Yes;3+;Not Graduate;Yes;7100;0;125;60;1;Urban;Y
LP001241;Female;55;No;0;Graduate;No;4300;0;136;360;0;Semiurban;N
LP001243;Male;55;Yes;0;Graduate;No;3208;3066;172;360;1;Urban;Y
LP001245;Male;56;Yes;2;Not Graduate;Yes;1875;1875;97;360;1;Semiurban;Y
LP001248;Male;56;No;0;Graduate;No;3500;0;81;300;1;Semiurban;Y
LP001250;Male;56;Yes;3+;Not Graduate;No;4755;0;95;;0;Semiurban;N
LP001253;Male;57;Yes;3+;Graduate;Yes;5266;1774;187;360;1;Semiurban;Y
LP001255;Male;57;No;0;Graduate;No;3750;0;113;480;1;Urban;N
LP001256;Male;57;No;0;Graduate;No;3750;4750;176;360;1;Urban;N
LP001259;Male;58;Yes;1;Graduate;Yes;1000;3022;110;360;1;Urban;N
LP001263;Male;58;Yes;3+;Graduate;No;3167;4000;180;300;0;Semiurban;N
LP001264;Male;58;Yes;3+;Not Graduate;Yes;3333;2166;130;360;;Semiurban;Y
LP001265;Female;59;No;0;Graduate;No;3846;0;111;360;1;Semiurban;Y
LP001266;Male;59;Yes;1;Graduate;Yes;2395;0;;360;1;Semiurban;Y
LP001267;Female;59;Yes;2;Graduate;No;1378;1881;167;360;1;Urban;N
LP001273;Male;60;Yes;0;Graduate;No;6000;2250;265;360;;Semiurban;N
LP001275;Male;60;Yes;1;Graduate;No;3988;0;50;240;1;Urban;Y
LP001279;Male;61;No;0;Graduate;No;2366;2531;136;360;1;Semiurban;Y
LP001280;Male;61;Yes;2;Not Graduate;No;3333;2000;99;360;;Semiurban;Y
LP001282;Male;61;Yes;0;Graduate;No;2500;2118;104;360;1;Semiurban;Y
LP001289;Male;62;No;0;Graduate;No;8566;0;210;360;1;Urban;Y
LP001310;Male;62;Yes;0;Graduate;No;5695;4167;175;360;1;Semiurban;Y
LP001316;Male;62;Yes;0;Graduate;No;2958;2900;131;360;1;Semiurban;Y
LP001318;Male;63;Yes;2;Graduate;No;6250;5654;188;180;1;Semiurban;Y
LP001319;Male;63;Yes;2;Not Graduate;No;3273;1820;81;360;1;Urban;Y
LP001322;Male;63;No;0;Graduate;No;4133;0;122;360;1;Semiurban;Y
LP001325;Male;64;No;0;Not Graduate;No;3620;0;25;120;1;Semiurban;Y
LP001326;Male;64;No;0;Graduate;;6782;0;;360;;Urban;N
LP001327;Female;64;Yes;0;Graduate;No;2484;2302;137;360;1;Semiurban;Y
LP001333;Male;65;Yes;0;Graduate;No;1977;997;50;360;1;Semiurban;Y
LP001334;Male;65;Yes;0;Not Graduate;No;4188;0;115;180;1;Semiurban;Y
LP001343;Male;65;Yes;0;Graduate;No;1759;3541;131;360;1;Semiurban;Y
LP001345;Male;30;Yes;2;Not Graduate;No;4288;3263;133;180;1;Urban;Y
LP001349;Male;60;No;0;Graduate;No;4843;3806;151;360;1;Semiurban;Y
LP001350;Male;25;Yes;;Graduate;No;13650;0;;360;1;Urban;Y
LP001356;Male;18;Yes;0;Graduate;No;4652;3583;;360;1;Semiurban;Y
LP001357;Male;23;;;Graduate;No;3816;754;160;360;1;Urban;Y
LP001367;Male;46;Yes;1;Graduate;No;3052;1030;100;360;1;Urban;Y
LP001369;Male;27;Yes;2;Graduate;No;11417;1126;225;360;1;Urban;Y
LP001370;Male;18;No;0;Not Graduate;;7333;0;120;360;1;Rural;N
LP001379;Male;64;Yes;2;Graduate;No;3800;3600;216;360;0;Urban;N
LP001384;Male;23;Yes;3+;Not Graduate;No;2071;754;94;480;1;Semiurban;Y
LP001385;Male;19;No;0;Graduate;No;5316;0;136;360;1;Urban;Y
LP001387;Female;34;Yes;0;Graduate;;2929;2333;139;360;1;Semiurban;Y
LP001391;Male;22;Yes;0;Not Graduate;No;3572;4114;152;;0;Rural;N
LP001392;Female;28;No;1;Graduate;Yes;7451;0;;360;1;Semiurban;Y
LP001398;Male;29;No;0;Graduate;;5050;0;118;360;1;Semiurban;Y
LP001401;Male;33;Yes;1;Graduate;No;14583;0;185;180;1;Rural;Y
LP001404;Female;20;Yes;0;Graduate;No;3167;2283;154;360;1;Semiurban;Y
LP001405;Male;38;Yes;1;Graduate;No;2214;1398;85;360;;Urban;Y
LP001421;Male;56;Yes;0;Graduate;No;5568;2142;175;360;1;Rural;N
LP001422;Female;58;No;0;Graduate;No;10408;0;259;360;1;Urban;Y
LP001426;Male;59;Yes;;Graduate;No;5667;2667;180;360;1;Rural;Y
LP001430;Female;60;No;0;Graduate;No;4166;0;44;360;1;Semiurban;Y
LP001431;Female;61;No;0;Graduate;No;2137;8980;137;360;0;Semiurban;Y
LP001432;Male;62;Yes;2;Graduate;No;2957;0;81;360;1;Semiurban;Y
LP001439;Male;60;Yes;0;Not Graduate;No;4300;2014;194;360;1;Rural;Y
LP001443;Female;54;No;0;Graduate;No;3692;0;93;360;;Rural;Y
LP001448;;55;Yes;3+;Graduate;No;23803;0;370;360;1;Rural;Y
LP001449;Male;53;No;0;Graduate;No;3865;1640;;360;1;Rural;Y
LP001451;Male;23;Yes;1;Graduate;Yes;10513;3850;160;180;0;Urban;N
LP001465;Male;54;Yes;0;Graduate;No;6080;2569;182;360;;Rural;N
LP001469;Male;21;No;0;Graduate;Yes;20166;0;650;480;;Urban;Y
LP001473;Male;24;No;0;Graduate;No;2014;1929;74;360;1;Urban;Y
LP001478;Male;25;No;0;Graduate;No;2718;0;70;360;1;Semiurban;Y
LP001482;Male;26;Yes;0;Graduate;Yes;3459;0;25;120;1;Semiurban;Y
LP001487;Male;31;No;0;Graduate;No;4895;0;102;360;1;Semiurban;Y
LP001488;Male;32;Yes;3+;Graduate;No;4000;7750;290;360;1;Semiurban;N
LP001489;Female;35;Yes;0;Graduate;No;4583;0;84;360;1;Rural;N
LP001491;Male;36;Yes;2;Graduate;Yes;3316;3500;88;360;1;Urban;Y
LP001492;Male;37;No;0;Graduate;No;14999;0;242;360;0;Semiurban;N
LP001493;Male;39;Yes;2;Not Graduate;No;4200;1430;129;360;1;Rural;N
LP001497;Male;40;Yes;2;Graduate;No;5042;2083;185;360;1;Rural;N
LP001498;Male;41;No;0;Graduate;No;5417;0;168;360;1;Urban;Y
LP001504;Male;42;No;0;Graduate;Yes;6950;0;175;180;1;Semiurban;Y
LP001507;Male;43;Yes;0;Graduate;No;2698;2034;122;360;1;Semiurban;Y
LP001508;Male;44;Yes;2;Graduate;No;11757;0;187;180;1;Urban;Y
LP001514;Female;45;Yes;0;Graduate;No;2330;4486;100;360;1;Semiurban;Y
LP001516;Female;47;Yes;2;Graduate;No;14866;0;70;360;1;Urban;Y
LP001518;Male;48;Yes;1;Graduate;No;1538;1425;30;360;1;Urban;Y
LP001519;Female;49;No;0;Graduate;No;10000;1666;225;360;1;Rural;N
LP001520;Male;50;Yes;0;Graduate;No;4860;830;125;360;1;Semiurban;Y
LP001528;Male;51;No;0;Graduate;No;6277;0;118;360;0;Rural;N
LP001529;Male;52;Yes;0;Graduate;Yes;2577;3750;152;360;1;Rural;Y
LP001531;Male;57;No;0;Graduate;No;9166;0;244;360;1;Urban;N
LP001532;Male;63;Yes;2;Not Graduate;No;2281;0;113;360;1;Rural;N
LP001535;Male;65;No;0;Graduate;No;3254;0;50;360;1;Urban;Y
LP001536;Male;50;Yes;3+;Graduate;No;39999;0;600;180;0;Semiurban;Y
LP001541;Male;51;Yes;1;Graduate;No;6000;0;160;360;;Rural;Y
LP001543;Male;51;Yes;1;Graduate;No;9538;0;187;360;1;Urban;Y
LP001546;Male;51;No;0;Graduate;;2980;2083;120;360;1;Rural;Y
LP001552;Male;52;Yes;0;Graduate;No;4583;5625;255;360;1;Semiurban;Y
LP001560;Male;52;Yes;0;Not Graduate;No;1863;1041;98;360;1;Semiurban;Y
LP001562;Male;52;Yes;0;Graduate;No;7933;0;275;360;1;Urban;N
LP001565;Male;53;Yes;1;Graduate;No;3089;1280;121;360;0;Semiurban;N
LP001570;Male;53;Yes;2;Graduate;No;4167;1447;158;360;1;Rural;Y
LP001572;Male;53;Yes;0;Graduate;No;9323;0;75;180;1;Urban;Y
LP001574;Male;54;Yes;0;Graduate;No;3707;3166;182;;1;Rural;Y
LP001577;Female;54;Yes;0;Graduate;No;4583;0;112;360;1;Rural;N
LP001578;Male;54;Yes;0;Graduate;No;2439;3333;129;360;1;Rural;Y
LP001579;Male;55;No;0;Graduate;No;2237;0;63;480;0;Semiurban;N
LP001580;Male;55;Yes;2;Graduate;No;8000;0;200;360;1;Semiurban;Y
LP001581;Male;55;Yes;0;Not Graduate;;1820;1769;95;360;1;Rural;Y
LP001585;;56;Yes;3+;Graduate;No;51763;0;700;300;1;Urban;Y
LP001586;Male;56;Yes;3+;Not Graduate;No;3522;0;81;180;1;Rural;N
LP001594;Male;56;Yes;0;Graduate;No;5708;5625;187;360;1;Semiurban;Y
LP001603;Male;57;Yes;0;Not Graduate;Yes;4344;736;87;360;1;Semiurban;N
LP001606;Male;57;Yes;0;Graduate;No;3497;1964;116;360;1;Rural;Y
LP001608;Male;57;Yes;2;Graduate;No;2045;1619;101;360;1;Rural;Y
LP001610;Male;58;Yes;3+;Graduate;No;5516;11300;495;360;0;Semiurban;N
LP001616;Male;58;Yes;1;Graduate;No;3750;0;116;360;1;Semiurban;Y
LP001630;Male;58;No;0;Not Graduate;No;2333;1451;102;480;0;Urban;N
LP001633;Male;59;Yes;1;Graduate;No;6400;7250;180;360;0;Urban;N
LP001634;Male;59;No;0;Graduate;No;1916;5063;67;360;;Rural;N
LP001636;Male;59;Yes;0;Graduate;No;4600;0;73;180;1;Semiurban;Y
LP001637;Male;60;Yes;1;Graduate;No;33846;0;260;360;1;Semiurban;N
LP001639;Female;60;Yes;0;Graduate;No;3625;0;108;360;1;Semiurban;Y
LP001640;Male;61;Yes;0;Graduate;Yes;39147;4750;120;360;1;Semiurban;Y
LP001641;Male;61;Yes;1;Graduate;Yes;2178;0;66;300;0;Rural;N
LP001643;Male;61;Yes;0;Graduate;No;2383;2138;58;360;;Rural;Y
LP001644;;62;Yes;0;Graduate;Yes;674;5296;168;360;1;Rural;Y
LP001647;Male;62;Yes;0;Graduate;No;9328;0;188;180;1;Rural;Y
LP001653;Male;62;No;0;Not Graduate;No;4885;0;48;360;1;Rural;Y
LP001656;Male;63;No;0;Graduate;No;12000;0;164;360;1;Semiurban;N
LP001657;Male;63;Yes;0;Not Graduate;No;6033;0;160;360;1;Urban;N
LP001658;Male;63;No;0;Graduate;No;3858;0;76;360;1;Semiurban;Y
LP001664;Male;64;No;0;Graduate;No;4191;0;120;360;1;Rural;Y
LP001665;Male;64;Yes;1;Graduate;No;3125;2583;170;360;1;Semiurban;N
LP001666;Male;64;No;0;Graduate;No;8333;3750;187;360;1;Rural;Y
LP001669;Female;65;No;0;Not Graduate;No;1907;2365;120;;1;Urban;Y
LP001671;Female;65;Yes;0;Graduate;No;3416;2816;113;360;;Semiurban;Y
LP001673;Male;65;No;0;Graduate;Yes;11000;0;83;360;1;Urban;N
LP001674;Male;52;Yes;1;Not Graduate;No;2600;2500;90;360;1;Semiurban;Y
LP001677;Male;52;No;2;Graduate;No;4923;0;166;360;0;Semiurban;Y
LP001682;Male;53;Yes;3+;Not Graduate;No;3992;0;;180;1;Urban;N
LP001688;Male;53;Yes;1;Not Graduate;No;3500;1083;135;360;1;Urban;Y
LP001691;Male;53;Yes;2;Not Graduate;No;3917;0;124;360;1;Semiurban;Y
LP001692;Female;54;No;0;Not Graduate;No;4408;0;120;360;1;Semiurban;Y
LP001693;Female;54;No;0;Graduate;No;3244;0;80;360;1;Urban;Y
LP001698;Male;54;No;0;Not Graduate;No;3975;2531;55;360;1;Rural;Y
LP001699;Male;55;No;0;Graduate;No;2479;0;59;360;1;Urban;Y
LP001702;Male;55;No;0;Graduate;No;3418;0;127;360;1;Semiurban;N
LP001708;Female;55;No;0;Graduate;No;10000;0;214;360;1;Semiurban;N
LP001711;Male;56;Yes;3+;Graduate;No;3430;1250;128;360;0;Semiurban;N
LP001713;Male;56;Yes;1;Graduate;Yes;7787;0;240;360;1;Urban;Y
LP001715;Male;56;Yes;3+;Not Graduate;Yes;5703;0;130;360;1;Rural;Y
LP001716;Male;57;Yes;0;Graduate;No;3173;3021;137;360;1;Urban;Y
LP001720;Male;57;Yes;3+;Not Graduate;No;3850;983;100;360;1;Semiurban;Y
LP001722;Male;57;Yes;0;Graduate;No;150;1800;135;360;1;Rural;N
LP001726;Male;58;Yes;0;Graduate;No;3727;1775;131;360;1;Semiurban;Y
LP001732;Male;58;Yes;2;Graduate;;5000;0;72;360;0;Semiurban;N
LP001734;Female;58;Yes;2;Graduate;No;4283;2383;127;360;;Semiurban;Y
LP001736;Male;59;Yes;0;Graduate;No;2221;0;60;360;0;Urban;N
LP001743;Male;59;Yes;2;Graduate;No;4009;1717;116;360;1;Semiurban;Y
LP001744;Male;59;No;0;Graduate;No;2971;2791;144;360;1;Semiurban;Y
LP001749;Male;60;Yes;0;Graduate;No;7578;1010;175;;1;Semiurban;Y
LP001750;Male;60;Yes;0;Graduate;No;6250;0;128;360;1;Semiurban;Y
LP001751;Male;61;Yes;0;Graduate;No;3250;0;170;360;1;Rural;N
LP001754;Male;61;Yes;;Not Graduate;Yes;4735;0;138;360;1;Urban;N
LP001758;Male;61;Yes;2;Graduate;No;6250;1695;210;360;1;Semiurban;Y
LP001760;Male;62;;;Graduate;No;4758;0;158;480;1;Semiurban;Y
LP001761;Male;62;No;0;Graduate;Yes;6400;0;200;360;1;Rural;Y
LP001765;Male;62;Yes;1;Graduate;No;2491;2054;104;360;1;Semiurban;Y
LP001768;Male;63;Yes;0;Graduate;;3716;0;42;180;1;Rural;Y
LP001770;Male;63;No;0;Not Graduate;No;3189;2598;120;;1;Rural;Y
LP001776;Female;63;No;0;Graduate;No;8333;0;280;360;1;Semiurban;Y
LP001778;Male;64;Yes;1;Graduate;No;3155;1779;140;360;1;Semiurban;Y
LP001784;Male;64;Yes;1;Graduate;No;5500;1260;170;360;1;Rural;Y
LP001786;Male;64;Yes;0;Graduate;;5746;0;255;360;;Urban;N
LP001788;Female;65;No;0;Graduate;Yes;3463;0;122;360;;Urban;Y
LP001790;Female;65;No;1;Graduate;No;3812;0;112;360;1;Rural;Y
LP001792;Male;65;Yes;1;Graduate;No;3315;0;96;360;1;Semiurban;Y
LP001798;Male;30;Yes;2;Graduate;No;5819;5000;120;360;1;Rural;Y
LP001800;Male;60;Yes;1;Not Graduate;No;2510;1983;140;180;1;Urban;N
LP001806;Male;25;No;0;Graduate;No;2965;5701;155;60;1;Urban;Y
LP001807;Male;18;Yes;2;Graduate;Yes;6250;1300;108;360;1;Rural;Y
LP001811;Male;23;Yes;0;Not Graduate;No;3406;4417;123;360;1;Semiurban;Y
LP001813;Male;46;No;0;Graduate;Yes;6050;4333;120;180;1;Urban;N
LP001814;Male;27;Yes;2;Graduate;No;9703;0;112;360;1;Urban;Y
LP001819;Male;18;Yes;1;Not Graduate;No;6608;0;137;180;1;Urban;Y
LP001824;Male;64;Yes;1;Graduate;No;2882;1843;123;480;1;Semiurban;Y
LP001825;Male;23;Yes;0;Graduate;No;1809;1868;90;360;1;Urban;Y
LP001835;Male;19;Yes;0;Not Graduate;No;1668;3890;201;360;0;Semiurban;N
LP001836;Female;34;No;2;Graduate;No;3427;0;138;360;1;Urban;N
LP001841;Male;22;No;0;Not Graduate;Yes;2583;2167;104;360;1;Rural;Y
LP001843;Male;28;Yes;1;Not Graduate;No;2661;7101;279;180;1;Semiurban;Y
LP001844;Male;29;No;0;Graduate;Yes;16250;0;192;360;0;Urban;N
LP001846;Female;33;No;3+;Graduate;No;3083;0;255;360;1;Rural;Y
LP001849;Male;20;No;0;Not Graduate;No;6045;0;115;360;0;Rural;N
LP001854;Male;38;Yes;3+;Graduate;No;5250;0;94;360;1;Urban;N
LP001859;Male;56;Yes;0;Graduate;No;14683;2100;304;360;1;Rural;N
LP001864;Male;58;Yes;3+;Not Graduate;No;4931;0;128;360;;Semiurban;N
LP001865;Male;59;Yes;1;Graduate;No;6083;4250;330;360;;Urban;Y
LP001868;Male;60;No;0;Graduate;No;2060;2209;134;360;1;Semiurban;Y
LP001870;Female;61;No;1;Graduate;No;3481;0;155;36;1;Semiurban;N
LP001871;Female;62;No;0;Graduate;No;7200;0;120;360;1;Rural;Y
LP001872;Male;60;No;0;Graduate;Yes;5166;0;128;360;1;Semiurban;Y
LP001875;Male;54;No;0;Graduate;No;4095;3447;151;360;1;Rural;Y
LP001877;Male;55;Yes;2;Graduate;No;4708;1387;150;360;1;Semiurban;Y
LP001882;Male;53;Yes;3+;Graduate;No;4333;1811;160;360;0;Urban;Y
LP001883;Female;23;No;0;Graduate;;3418;0;135;360;1;Rural;N
LP001884;Female;54;No;1;Graduate;No;2876;1560;90;360;1;Urban;Y
LP001888;Female;21;No;0;Graduate;No;3237;0;30;360;1;Urban;Y
LP001891;Male;24;Yes;0;Graduate;No;11146;0;136;360;1;Urban;Y
LP001892;Male;25;No;0;Graduate;No;2833;1857;126;360;1;Rural;Y
LP001894;Male;26;Yes;0;Graduate;No;2620;2223;150;360;1;Semiurban;Y
LP001896;Male;31;Yes;2;Graduate;No;3900;0;90;360;1;Semiurban;Y
LP001900;Male;32;Yes;1;Graduate;No;2750;1842;115;360;1;Semiurban;Y
LP001903;Male;54;Yes;0;Graduate;No;3993;3274;207;360;1;Semiurban;Y
LP001904;Male;55;Yes;0;Graduate;No;3103;1300;80;360;1;Urban;Y
LP001907;Male;55;Yes;0;Graduate;No;14583;0;436;360;1;Semiurban;Y
LP001908;Female;55;Yes;0;Not Graduate;No;4100;0;124;360;;Rural;Y
LP001910;Male;56;No;1;Not Graduate;Yes;4053;2426;158;360;0;Urban;N
LP001914;Male;56;Yes;0;Graduate;No;3927;800;112;360;1;Semiurban;Y
LP001915;Male;56;Yes;2;Graduate;No;2301;9.857.999.878;78;180;1;Urban;Y
LP001917;Female;57;No;0;Graduate;No;1811;1666;54;360;1;Urban;Y
LP001922;Male;57;Yes;0;Graduate;No;20667;0;;360;1;Rural;N
LP001924;Male;57;No;0;Graduate;No;3158;3053;89;360;1;Rural;Y
LP001925;Female;58;No;0;Graduate;Yes;2600;1717;99;300;1;Semiurban;N
LP001926;Male;58;Yes;0;Graduate;No;3704;2000;120;360;1;Rural;Y
LP001931;Female;58;No;0;Graduate;No;4124;0;115;360;1;Semiurban;Y
LP001935;Male;59;No;0;Graduate;No;9508;0;187;360;1;Rural;Y
LP001936;Male;59;Yes;0;Graduate;No;3075;2416;139;360;1;Rural;Y
LP001938;Male;59;Yes;2;Graduate;No;4400;0;127;360;0;Semiurban;N
LP001940;Male;60;Yes;2;Graduate;No;3153;1560;134;360;1;Urban;Y
LP001945;Female;60;No;;Graduate;No;5417;0;143;480;0;Urban;N
LP001947;Male;61;Yes;0;Graduate;No;2383;3334;172;360;1;Semiurban;Y
LP001949;Male;61;Yes;3+;Graduate;;4416;1250;110;360;1;Urban;Y
LP001953;Male;61;Yes;1;Graduate;No;6875;0;200;360;1;Semiurban;Y
LP001954;Female;62;Yes;1;Graduate;No;4666;0;135;360;1;Urban;Y
LP001955;Female;62;No;0;Graduate;No;5000;2541;151;480;1;Rural;N
LP001963;Male;62;Yes;1;Graduate;No;2014;2925;113;360;1;Urban;N
LP001964;Male;63;Yes;0;Not Graduate;No;1800;2934;93;360;0;Urban;N
LP001972;Male;63;Yes;;Not Graduate;No;2875;1750;105;360;1;Semiurban;Y
LP001974;Female;63;No;0;Graduate;No;5000;0;132;360;1;Rural;Y
LP001977;Male;64;Yes;1;Graduate;No;1625;1803;96;360;1;Urban;Y
LP001978;Male;64;No;0;Graduate;No;4000;2500;140;360;1;Rural;Y
LP001990;Male;64;No;0;Not Graduate;No;2000;0;;360;1;Urban;N
LP001993;Female;65;No;0;Graduate;No;3762;1666;135;360;1;Rural;Y
LP001994;Female;65;No;0;Graduate;No;2400;1863;104;360;0;Urban;N
LP001996;Male;65;No;0;Graduate;No;20233;0;480;360;1;Rural;N
LP001998;Male;30;Yes;2;Not Graduate;No;7667;0;185;360;;Rural;Y
LP002002;Female;60;No;0;Graduate;No;2917;0;84;360;1;Semiurban;Y
LP002004;Male;25;No;0;Not Graduate;No;2927;2405;111;360;1;Semiurban;Y
LP002006;Female;18;No;0;Graduate;No;2507;0;56;360;1;Rural;Y
LP002008;Male;23;Yes;2;Graduate;Yes;5746;0;144;84;;Rural;Y
LP002024;;46;Yes;0;Graduate;No;2473;1843;159;360;1;Rural;N
LP002031;Male;27;Yes;1;Not Graduate;No;3399;1640;111;180;1;Urban;Y
LP002035;Male;18;Yes;2;Graduate;No;3717;0;120;360;1;Semiurban;Y
LP002036;Male;64;Yes;0;Graduate;No;2058;2134;88;360;;Urban;Y
LP002043;Female;23;No;1;Graduate;No;3541;0;112;360;;Semiurban;Y
LP002050;Male;19;Yes;1;Graduate;Yes;10000;0;155;360;1;Rural;N
LP002051;Male;34;Yes;0;Graduate;No;2400;2167;115;360;1;Semiurban;Y
LP002053;Male;22;Yes;3+;Graduate;No;4342;189;124;360;1;Semiurban;Y
LP002054;Male;28;Yes;2;Not Graduate;No;3601;1590;;360;1;Rural;Y
LP002055;Female;29;No;0;Graduate;No;3166;2985;132;360;;Rural;Y
LP002065;Male;33;Yes;3+;Graduate;No;15000;0;300;360;1;Rural;Y
LP002067;Male;20;Yes;1;Graduate;Yes;8666;4983;376;360;0;Rural;N
LP002068;Male;38;No;0;Graduate;No;4917;0;130;360;0;Rural;Y
LP002082;Male;56;Yes;0;Graduate;Yes;5818;2160;184;360;1;Semiurban;Y
LP002086;Female;58;Yes;0;Graduate;No;4333;2451;110;360;1;Urban;N
LP002087;Female;59;No;0;Graduate;No;2500;0;67;360;1;Urban;Y
LP002097;Male;60;No;1;Graduate;No;4384;1793;117;360;1;Urban;Y
LP002098;Male;61;No;0;Graduate;No;2935;0;98;360;1;Semiurban;Y
LP002100;Male;62;No;;Graduate;No;2833;0;71;360;1;Urban;Y
LP002101;Male;60;Yes;0;Graduate;;63337;0;490;180;1;Urban;Y
LP002103;;54;Yes;1;Graduate;Yes;9833;1833;182;180;1;Urban;Y
LP002106;Male;55;Yes;;Graduate;Yes;5503;4490;70;;1;Semiurban;Y
LP002110;Male;53;Yes;1;Graduate;;5250;688;160;360;1;Rural;Y
LP002112;Male;23;Yes;2;Graduate;Yes;2500;4600;176;360;1;Rural;Y
LP002113;Female;54;No;3+;Not Graduate;No;1830;0;;360;0;Urban;N
LP002114;Female;21;No;0;Graduate;No;4160;0;71;360;1;Semiurban;Y
LP002115;Male;24;Yes;3+;Not Graduate;No;2647;1587;173;360;1;Rural;N
LP002116;Female;25;No;0;Graduate;No;2378;0;46;360;1;Rural;N
LP002119;Male;26;Yes;1;Not Graduate;No;4554;1229;158;360;1;Urban;Y
LP002126;Male;31;Yes;3+;Not Graduate;No;3173;0;74;360;1;Semiurban;Y
LP002128;Male;32;Yes;2;Graduate;;2583;2330;125;360;1;Rural;Y
LP002129;Male;30;Yes;0;Graduate;No;2499;2458;160;360;1;Semiurban;Y
LP002130;Male;60;Yes;;Not Graduate;No;3523;3230;152;360;0;Rural;N
LP002131;Male;25;Yes;2;Not Graduate;No;3083;2168;126;360;1;Urban;Y
LP002137;Male;18;Yes;0;Graduate;No;6333;4583;259;360;;Semiurban;Y
LP002138;Male;23;Yes;0;Graduate;No;2625;6250;187;360;1;Rural;Y
LP002139;Male;46;Yes;0;Graduate;No;9083;0;228;360;1;Semiurban;Y
LP002140;Male;27;No;0;Graduate;No;8750;4167;308;360;1;Rural;N
LP002141;Male;18;Yes;3+;Graduate;No;2666;2083;95;360;1;Rural;Y
LP002142;Female;64;Yes;0;Graduate;Yes;5500;0;105;360;0;Rural;N
LP002143;Female;23;Yes;0;Graduate;No;2423;505;130;360;1;Semiurban;Y
LP002144;Female;19;No;;Graduate;No;3813;0;116;180;1;Urban;Y
LP002149;Male;34;Yes;2;Graduate;No;8333;3167;165;360;1;Rural;Y
LP002151;Male;22;Yes;1;Graduate;No;3875;0;67;360;1;Urban;N
LP002158;Male;28;Yes;0;Not Graduate;No;3000;1666;100;480;0;Urban;N
LP002160;Male;29;Yes;3+;Graduate;No;5167;3167;200;360;1;Semiurban;Y
LP002161;Female;33;No;1;Graduate;No;4723;0;81;360;1;Semiurban;N
LP002170;Male;20;Yes;2;Graduate;No;5000;3667;236;360;1;Semiurban;Y
LP002175;Male;38;Yes;0;Graduate;No;4750;2333;130;360;1;Urban;Y
LP002178;Male;56;Yes;0;Graduate;No;3013;3033;95;300;;Urban;Y
LP002180;Male;58;No;0;Graduate;Yes;6822;0;141;360;1;Rural;Y
LP002181;Male;59;No;0;Not Graduate;No;6216;0;133;360;1;Rural;N
LP002187;Male;60;No;0;Graduate;No;2500;0;96;480;1;Semiurban;N
LP002188;Male;61;No;0;Graduate;No;5124;0;124;;0;Rural;N
LP002190;Male;62;Yes;1;Graduate;No;6325;0;175;360;1;Semiurban;Y
LP002191;Male;60;Yes;0;Graduate;No;19730;5266;570;360;1;Rural;N
LP002194;Female;54;No;0;Graduate;Yes;15759;0;55;360;1;Semiurban;Y
LP002197;Male;55;Yes;2;Graduate;No;5185;0;155;360;1;Semiurban;Y
LP002201;Male;53;Yes;2;Graduate;Yes;9323;7873;380;300;1;Rural;Y
LP002205;Male;23;No;1;Graduate;No;3062;1987;111;180;0;Urban;N
LP002209;Female;54;No;0;Graduate;;2764;1459;110;360;1;Urban;Y
LP002211;Male;21;Yes;0;Graduate;No;4817;923;120;180;1;Urban;Y
LP002219;Male;24;Yes;3+;Graduate;No;8750;4996;130;360;1;Rural;Y
LP002223;Male;25;Yes;0;Graduate;No;4310;0;130;360;;Semiurban;Y
LP002224;Male;26;No;0;Graduate;No;3069;0;71;480;1;Urban;N
LP002225;Male;31;Yes;2;Graduate;No;5391;0;130;360;1;Urban;Y
LP002226;Male;32;Yes;0;Graduate;;3333;2500;128;360;1;Semiurban;Y
LP002229;Male;35;No;0;Graduate;No;5941;4232;296;360;1;Semiurban;Y
LP002231;Female;36;No;0;Graduate;No;6000;0;156;360;1;Urban;Y
LP002234;Male;37;No;0;Graduate;Yes;7167;0;128;360;1;Urban;Y
LP002236;Male;39;Yes;2;Graduate;No;4566;0;100;360;1;Urban;N
LP002237;Male;40;No;1;Graduate;;3667;0;113;180;1;Urban;Y
LP002239;Male;41;No;0;Not Graduate;No;2346;1600;132;360;1;Semiurban;Y
LP002243;Male;42;Yes;0;Not Graduate;No;3010;3136;;360;0;Urban;N
LP002244;Male;43;Yes;0;Graduate;No;2333;2417;136;360;1;Urban;Y
LP002250;Male;44;Yes;0;Graduate;No;5488;0;125;360;1;Rural;Y
LP002255;Male;45;No;3+;Graduate;No;9167;0;185;360;1;Rural;Y
LP002262;Male;47;Yes;3+;Graduate;No;9504;0;275;360;1;Rural;Y
LP002263;Male;48;Yes;0;Graduate;No;2583;2115;120;360;;Urban;Y
LP002265;Male;49;Yes;2;Not Graduate;No;1993;1625;113;180;1;Semiurban;Y
LP002266;Male;50;Yes;2;Graduate;No;3100;1400;113;360;1;Urban;Y
LP002272;Male;51;Yes;2;Graduate;No;3276;484;135;360;;Semiurban;Y
LP002277;Female;52;No;0;Graduate;No;3180;0;71;360;0;Urban;N
LP002281;Male;57;Yes;0;Graduate;No;3033;1459;95;360;1;Urban;Y
LP002284;Male;63;No;0;Not Graduate;No;3902;1666;109;360;1;Rural;Y
LP002287;Female;65;No;0;Graduate;No;1500;1800;103;360;0;Semiurban;N
LP002288;Male;50;Yes;2;Not Graduate;No;2889;0;45;180;0;Urban;N
LP002296;Male;51;No;0;Not Graduate;No;2755;0;65;300;1;Rural;N
LP002297;Male;51;No;0;Graduate;No;2500;20000;103;360;1;Semiurban;Y
LP002300;Female;51;No;0;Not Graduate;No;1963;0;53;360;1;Semiurban;Y
LP002301;Female;52;No;0;Graduate;Yes;7441;0;194;360;1;Rural;N
LP002305;Female;52;No;0;Graduate;No;4547;0;115;360;1;Semiurban;Y
LP002308;Male;52;Yes;0;Not Graduate;No;2167;2400;115;360;1;Urban;Y
LP002314;Female;53;No;0;Not Graduate;No;2213;0;66;360;1;Rural;Y
LP002315;Male;53;Yes;1;Graduate;No;8300;0;152;300;0;Semiurban;N
LP002317;Male;53;Yes;3+;Graduate;No;81000;0;360;360;0;Rural;N
LP002318;Female;54;No;1;Not Graduate;Yes;3867;0;62;360;1;Semiurban;N
LP002319;Male;54;Yes;0;Graduate;;6256;0;160;360;;Urban;Y
LP002328;Male;54;Yes;0;Not Graduate;No;6096;0;218;360;0;Rural;N
LP002332;Male;55;Yes;0;Not Graduate;No;2253;2033;110;360;1;Rural;Y
LP002335;Female;55;Yes;0;Not Graduate;No;2149;3237;178;360;0;Semiurban;N
LP002337;Female;55;No;0;Graduate;No;2995;0;60;360;1;Urban;Y
LP002341;Female;56;No;1;Graduate;No;2600;0;160;360;1;Urban;N
LP002342;Male;56;Yes;2;Graduate;Yes;1600;20000;239;360;1;Urban;N
LP002345;Male;56;Yes;0;Graduate;No;1025;2773;112;360;1;Rural;Y
LP002347;Male;57;Yes;0;Graduate;No;3246;1417;138;360;1;Semiurban;Y
LP002348;Male;57;Yes;0;Graduate;No;5829;0;138;360;1;Rural;Y
LP002357;Female;57;No;0;Not Graduate;No;2720;0;80;;0;Urban;N
LP002361;Male;58;Yes;0;Graduate;No;1820;1719;100;360;1;Urban;Y
LP002362;Male;58;Yes;1;Graduate;No;7250;1667;110;;0;Urban;N
LP002364;Male;58;Yes;0;Graduate;No;14880;0;96;360;1;Semiurban;Y
LP002366;Male;59;Yes;0;Graduate;No;2666;4300;121;360;1;Rural;Y
LP002367;Female;59;No;1;Not Graduate;No;4606;0;81;360;1;Rural;N
LP002368;Male;59;Yes;2;Graduate;No;5935;0;133;360;1;Semiurban;Y
LP002369;Male;60;Yes;0;Graduate;No;2920;1.612.000.084;87;360;1;Rural;Y
LP002370;Male;60;No;0;Not Graduate;No;2717;0;60;180;1;Urban;Y
LP002377;Female;61;No;1;Graduate;Yes;8624;0;150;360;1;Semiurban;Y
LP002379;Male;61;No;0;Graduate;No;6500;0;105;360;0;Rural;N
LP002386;Male;61;No;0;Graduate;;12876;0;405;360;1;Semiurban;Y
LP002387;Male;62;Yes;0;Graduate;No;2425;2340;143;360;1;Semiurban;Y
LP002390;Male;62;No;0;Graduate;No;3750;0;100;360;1;Urban;Y
LP002393;Female;62;;;Graduate;No;10047;0;;240;1;Semiurban;Y
LP002398;Male;63;No;0;Graduate;No;1926;1851;50;360;1;Semiurban;Y
LP002401;Male;63;Yes;0;Graduate;No;2213;1125;;360;1;Urban;Y
LP002403;Male;63;No;0;Graduate;Yes;10416;0;187;360;0;Urban;N
LP002407;Female;64;Yes;0;Not Graduate;Yes;7142;0;138;360;1;Rural;Y
LP002408;Male;64;No;0;Graduate;No;3660;5064;187;360;1;Semiurban;Y
LP002409;Male;64;Yes;0;Graduate;No;7901;1833;180;360;1;Rural;Y
LP002418;Male;65;No;3+;Not Graduate;No;4707;1993;148;360;1;Semiurban;Y
LP002422;Male;65;No;1;Graduate;No;37719;0;152;360;1;Semiurban;Y
LP002424;Male;65;Yes;0;Graduate;No;7333;8333;175;300;;Rural;Y
LP002429;Male;30;Yes;1;Graduate;Yes;3466;1210;130;360;1;Rural;Y
LP002434;Male;60;Yes;2;Not Graduate;No;4652;0;110;360;1;Rural;Y
LP002435;Male;25;Yes;0;Graduate;;3539;1376;55;360;1;Rural;N
LP002443;Male;18;Yes;2;Graduate;No;3340;1710;150;360;0;Rural;N
LP002444;Male;23;No;1;Not Graduate;Yes;2769;1542;190;360;;Semiurban;N
LP002446;Male;46;Yes;2;Not Graduate;No;2309;1255;125;360;0;Rural;N
LP002447;Male;27;Yes;2;Not Graduate;No;1958;1456;60;300;;Urban;Y
LP002448;Male;18;Yes;0;Graduate;No;3948;1733;149;360;0;Rural;N
LP002449;Male;64;Yes;0;Graduate;No;2483;2466;90;180;0;Rural;Y
LP002453;Male;23;No;0;Graduate;Yes;7085;0;84;360;1;Semiurban;Y
LP002455;Male;19;Yes;2;Graduate;No;3859;0;96;360;1;Semiurban;Y
LP002459;Male;34;Yes;0;Graduate;No;4301;0;118;360;1;Urban;Y
LP002467;Male;22;Yes;0;Graduate;No;3708;2569;173;360;1;Urban;N
LP002472;Male;28;No;2;Graduate;No;4354;0;136;360;1;Rural;Y
LP002473;Male;29;Yes;0;Graduate;No;8334;0;160;360;1;Semiurban;N
LP002478;;33;Yes;0;Graduate;Yes;2083;4083;160;360;;Semiurban;Y
LP002484;Male;20;Yes;3+;Graduate;No;7740;0;128;180;1;Urban;Y
LP002487;Male;38;Yes;0;Graduate;No;3015;2188;153;360;1;Rural;Y
LP002489;Female;56;No;1;Not Graduate;;5191;0;132;360;1;Semiurban;Y
LP002493;Male;58;No;0;Graduate;No;4166;0;98;360;0;Semiurban;N
LP002494;Male;59;No;0;Graduate;No;6000;0;140;360;1;Rural;Y
LP002500;Male;60;Yes;3+;Not Graduate;No;2947;1664;70;180;0;Urban;N
LP002501;;61;Yes;0;Graduate;No;16692;0;110;360;1;Semiurban;Y
LP002502;Female;62;Yes;2;Not Graduate;;210;2917;98;360;1;Semiurban;Y
LP002505;Male;60;Yes;0;Graduate;No;4333;2451;110;360;1;Urban;N
LP002515;Male;54;Yes;1;Graduate;Yes;3450;2079;162;360;1;Semiurban;Y
LP002517;Male;55;Yes;1;Not Graduate;No;2653;1500;113;180;0;Rural;N
LP002519;Male;53;Yes;3+;Graduate;No;4691;0;100;360;1;Semiurban;Y
LP002522;Female;23;No;0;Graduate;Yes;2500;0;93;360;;Urban;Y
LP002524;Male;54;No;2;Graduate;No;5532;4648;162;360;1;Rural;Y
LP002527;Male;21;Yes;2;Graduate;Yes;16525;1014;150;360;1;Rural;Y
LP002529;Male;24;Yes;2;Graduate;No;6700;1750;230;300;1;Semiurban;Y
LP002530;;25;Yes;2;Graduate;No;2873;1872;132;360;0;Semiurban;N
LP002531;Male;26;Yes;1;Graduate;Yes;16667;2250;86;360;1;Semiurban;Y
LP002533;Male;31;Yes;2;Graduate;No;2947;1603;;360;1;Urban;N
LP002534;Female;32;No;0;Not Graduate;No;4350;0;154;360;1;Rural;Y
LP002536;Male;35;Yes;3+;Not Graduate;No;3095;0;113;360;1;Rural;Y
LP002537;Male;36;Yes;0;Graduate;No;2083;3150;128;360;1;Semiurban;Y
LP002541;Male;37;Yes;0;Graduate;No;10833;0;234;360;1;Semiurban;Y
LP002543;Male;39;Yes;2;Graduate;No;8333;0;246;360;1;Semiurban;Y
LP002544;Male;40;Yes;1;Not Graduate;No;1958;2436;131;360;1;Rural;Y
LP002545;Male;41;No;2;Graduate;No;3547;0;80;360;0;Rural;N
LP002547;Male;42;Yes;1;Graduate;No;18333;0;500;360;1;Urban;N
LP002555;Male;43;Yes;2;Graduate;Yes;4583;2083;160;360;1;Semiurban;Y
LP002556;Male;44;No;0;Graduate;No;2435;0;75;360;1;Urban;N
LP002560;Male;45;No;0;Not Graduate;No;2699;2785;96;360;;Semiurban;Y
LP002562;Male;47;Yes;1;Not Graduate;No;5333;1131;186;360;;Urban;Y
LP002571;Male;48;No;0;Not Graduate;No;3691;0;110;360;1;Rural;Y
LP002582;Female;49;No;0;Not Graduate;Yes;17263;0;225;360;1;Semiurban;Y
LP002585;Male;50;Yes;0;Graduate;No;3597;2157;119;360;0;Rural;N
LP002586;Female;51;Yes;1;Graduate;No;3326;913;105;84;1;Semiurban;Y
LP002587;Male;52;Yes;0;Not Graduate;No;2600;1700;107;360;1;Rural;Y
LP002588;Male;57;Yes;0;Graduate;No;4625;2857;111;12;;Urban;Y
LP002600;Male;63;Yes;1;Graduate;Yes;2895;0;95;360;1;Semiurban;Y
LP002602;Male;65;No;0;Graduate;No;6283;4416;209;360;0;Rural;N
LP002603;Female;50;No;0;Graduate;No;645;3683;113;480;1;Rural;Y
LP002606;Female;51;No;0;Graduate;No;3159;0;100;360;1;Semiurban;Y
LP002615;Male;51;Yes;2;Graduate;No;4865;5624;208;360;1;Semiurban;Y
LP002618;Male;51;Yes;1;Not Graduate;No;4050;5302;138;360;;Rural;N
LP002619;Male;52;Yes;0;Not Graduate;No;3814;1483;124;300;1;Semiurban;Y
LP002622;Male;;Yes;2;Graduate;No;3510;4416;243;360;1;Rural;Y
LP002624;Male;52;Yes;0;Graduate;No;20833;6667;480;360;;Urban;Y
LP002625;;53;No;0;Graduate;No;3583;0;96;360;1;Urban;N
LP002626;Male;53;Yes;0;Graduate;Yes;2479;3013;188;360;1;Urban;Y
LP002634;Female;53;No;1;Graduate;No;13262;0;40;360;1;Urban;Y
LP002637;Male;54;No;0;Not Graduate;No;3598;1287;100;360;1;Rural;N
LP002640;Male;54;Yes;1;Graduate;No;6065;2004;250;360;1;Semiurban;Y
LP002643;Male;54;Yes;2;Graduate;No;3283;2035;148;360;1;Urban;Y
LP002648;Male;55;Yes;0;Graduate;No;2130;6666;70;180;1;Semiurban;N
LP002652;Male;55;No;0;Graduate;No;5815;3666;311;360;1;Rural;N
LP002659;Male;55;Yes;3+;Graduate;No;3466;3428;150;360;1;Rural;Y
LP002670;Female;56;Yes;2;Graduate;No;2031;1632;113;480;1;Semiurban;Y
LP002682;Male;56;Yes;;Not Graduate;No;3074;1800;123;360;0;Semiurban;N
LP002683;Male;56;No;0;Graduate;No;4683;1915;185;360;1;Semiurban;N
LP002684;Female;57;No;0;Not Graduate;No;3400;0;95;360;1;Rural;N
LP002689;Male;57;Yes;2;Not Graduate;No;2192;1742;45;360;1;Semiurban;Y
LP002690;Male;57;No;0;Graduate;No;2500;0;55;360;1;Semiurban;Y
LP002692;Male;58;Yes;3+;Graduate;Yes;5677;1424;100;360;1;Rural;Y
LP002693;Male;58;Yes;2;Graduate;Yes;7948;7166;480;360;1;Rural;Y
LP002697;Male;58;No;0;Graduate;No;4680;2087;;360;1;Semiurban;N
LP002699;Male;59;Yes;2;Graduate;Yes;17500;0;400;360;1;Rural;Y
LP002705;Male;59;Yes;0;Graduate;No;3775;0;110;360;1;Semiurban;Y
LP002706;Male;59;Yes;1;Not Graduate;No;5285;1430;161;360;0;Semiurban;Y
LP002714;Male;60;No;1;Not Graduate;No;2679;1302;94;360;1;Semiurban;Y
LP002716;Male;60;No;0;Not Graduate;No;6783;0;130;360;1;Semiurban;Y
LP002717;Male;61;Yes;0;Graduate;No;1025;5500;216;360;;Rural;Y
LP002720;Male;61;Yes;3+;Graduate;No;4281;0;100;360;1;Urban;Y
LP002723;Male;61;No;2;Graduate;No;3588;0;110;360;0;Rural;N
LP002729;Male;62;No;1;Graduate;No;11250;0;196;360;;Semiurban;N
LP002731;Female;62;No;0;Not Graduate;Yes;18165;0;125;360;1;Urban;Y
LP002732;Male;62;No;0;Not Graduate;;2550;2042;126;360;1;Rural;Y
LP002734;Male;63;Yes;0;Graduate;No;6133;3906;324;360;1;Urban;Y
LP002738;Male;63;No;2;Graduate;No;3617;0;107;360;1;Semiurban;Y
LP002739;Male;63;Yes;0;Not Graduate;No;2917;536;66;360;1;Rural;N
LP002740;Male;64;Yes;3+;Graduate;No;6417;0;157;180;1;Rural;Y
LP002741;Female;64;Yes;1;Graduate;No;4608;2845;140;180;1;Semiurban;Y
LP002743;Female;64;No;0;Graduate;No;2138;0;99;360;0;Semiurban;N
LP002753;Female;65;No;1;Graduate;;3652;0;95;360;1;Semiurban;Y
LP002755;Male;65;Yes;1;Not Graduate;No;2239;2524;128;360;1;Urban;Y
LP002757;Female;65;Yes;0;Not Graduate;No;3017;663;102;360;;Semiurban;Y
LP002767;Male;52;Yes;0;Graduate;No;2768;1950;155;360;1;Rural;Y
LP002768;Male;52;No;0;Not Graduate;No;3358;0;80;36;1;Semiurban;N
LP002772;Male;53;No;0;Graduate;No;2526;1783;145;360;1;Rural;Y
LP002776;Female;53;No;0;Graduate;No;5000;0;103;360;0;Semiurban;N
LP002777;Male;53;Yes;0;Graduate;No;2785;2016;110;360;1;Rural;Y
LP002778;Male;54;Yes;2;Graduate;Yes;6633;0;;360;0;Rural;N
LP002784;Male;54;Yes;1;Not Graduate;No;2492;2375;;360;1;Rural;Y
LP002785;Male;54;Yes;1;Graduate;No;3333;3250;158;360;1;Urban;Y
LP002788;Male;55;Yes;0;Not Graduate;No;2454;2333;181;360;0;Urban;N
LP002789;Male;55;Yes;0;Graduate;No;3593;4266;132;180;0;Rural;N
LP002792;Male;55;Yes;1;Graduate;No;5468;1032;26;360;1;Semiurban;Y
LP002794;Female;56;No;0;Graduate;No;2667;1625;84;360;;Urban;Y
LP002795;Male;56;Yes;3+;Graduate;Yes;10139;0;260;360;1;Semiurban;Y
LP002798;Male;56;Yes;0;Graduate;No;3887;2669;162;360;1;Semiurban;Y
LP002804;Female;57;Yes;0;Graduate;No;4180;2306;182;360;1;Semiurban;Y
LP002807;Male;57;Yes;2;Not Graduate;No;3675;242;108;360;1;Semiurban;Y
LP002813;Female;57;Yes;1;Graduate;Yes;19484;0;600;360;1;Semiurban;Y
LP002820;Male;58;Yes;0;Graduate;No;5923;2054;211;360;1;Rural;Y
LP002821;Male;58;No;0;Not Graduate;Yes;5800;0;132;360;1;Semiurban;Y
LP002832;Male;58;Yes;2;Graduate;No;8799;0;258;360;0;Urban;N
LP002833;Male;59;Yes;0;Not Graduate;No;4467;0;120;360;;Rural;Y
LP002836;Male;59;No;0;Graduate;No;3333;0;70;360;1;Urban;Y
LP002837;Male;;Yes;3+;Graduate;No;3400;2500;123;360;0;Rural;N
LP002840;Female;60;No;0;Graduate;No;2378;0;9;360;1;Urban;N
LP002841;Male;60;Yes;0;Graduate;No;3166;2064;104;360;0;Urban;N
LP002842;Male;61;Yes;1;Graduate;No;3417;1750;186;360;1;Urban;Y
LP002847;Male;61;Yes;;Graduate;No;5116;1451;165;360;0;Urban;N
LP002855;Male;61;Yes;2;Graduate;No;16666;0;275;360;1;Urban;Y
LP002862;Male;62;Yes;2;Not Graduate;No;6125;1625;187;480;1;Semiurban;N
LP002863;Male;62;Yes;3+;Graduate;No;6406;0;150;360;1;Semiurban;N
LP002868;Male;62;Yes;2;Graduate;No;3159;461;108;84;1;Urban;Y
LP002872;;63;Yes;0;Graduate;No;3087;2210;136;360;0;Semiurban;N
LP002874;Male;63;No;0;Graduate;No;3229;2739;110;360;1;Urban;Y
LP002877;Male;63;Yes;1;Graduate;No;1782;2232;107;360;1;Rural;Y
LP002888;Male;64;No;0;Graduate;;3182;2917;161;360;1;Urban;Y
LP002892;Male;64;Yes;2;Graduate;No;6540;0;205;360;1;Semiurban;Y
LP002893;Male;64;No;0;Graduate;No;1836;33837;90;360;1;Urban;N
LP002894;Female;65;Yes;0;Graduate;No;3166;0;36;360;1;Semiurban;Y
LP002898;Male;65;Yes;1;Graduate;No;1880;0;61;360;;Rural;N
LP002911;Male;65;Yes;1;Graduate;No;2787;1917;146;360;0;Rural;N
LP002912;Male;30;Yes;1;Graduate;No;4283;3000;172;84;1;Rural;N
LP002916;Male;60;Yes;0;Graduate;No;2297;1522;104;360;1;Urban;Y
LP002917;Female;25;No;0;Not Graduate;No;2165;0;70;360;1;Semiurban;Y
LP002925;;18;No;0;Graduate;No;4750;0;94;360;1;Semiurban;Y
LP002926;Male;23;Yes;2;Graduate;Yes;2726;0;106;360;0;Semiurban;N
LP002928;Male;46;Yes;0;Graduate;No;3000;3416;56;180;1;Semiurban;Y
LP002931;Male;27;Yes;2;Graduate;Yes;6000;0;205;240;1;Semiurban;N
LP002933;;18;No;3+;Graduate;Yes;9357;0;292;360;1;Semiurban;Y
LP002936;Male;64;Yes;0;Graduate;No;3859;3300;142;180;1;Rural;Y
LP002938;Male;23;Yes;0;Graduate;Yes;16120;0;260;360;1;Urban;Y
LP002940;Male;19;No;0;Not Graduate;No;3833;0;110;360;1;Rural;Y
LP002941;Male;34;Yes;2;Not Graduate;Yes;6383;1000;187;360;1;Rural;N
LP002943;Male;22;No;;Graduate;No;2987;0;88;360;0;Semiurban;N
LP002945;Male;28;Yes;0;Graduate;Yes;9963;0;180;360;1;Rural;Y
LP002948;Male;29;Yes;2;Graduate;No;5780;0;192;360;1;Urban;Y
LP002949;Female;33;No;3+;Graduate;;416;41667;350;180;;Urban;N
LP002950;Male;20;Yes;0;Not Graduate;;2894;2792;155;360;1;Rural;Y
LP002953;Male;38;Yes;3+;Graduate;No;5703;0;128;360;1;Urban;Y
LP002958;Male;56;No;0;Graduate;No;3676;4301;172;360;1;Rural;Y
LP002959;Female;58;Yes;1;Graduate;No;12000;0;496;360;1;Semiurban;Y
LP002960;Male;59;Yes;0;Not Graduate;No;2400;3800;;180;1;Urban;N
LP002961;Male;60;Yes;1;Graduate;No;3400;2500;173;360;1;Semiurban;Y
LP002964;Male;61;Yes;2;Not Graduate;No;3987;1411;157;360;1;Rural;Y
LP002974;Male;62;Yes;0;Graduate;No;3232;1950;108;360;1;Rural;Y
LP002978;Female;60;No;0;Graduate;No;2900;0;71;360;1;Rural;Y
LP002979;Male;54;Yes;3+;Graduate;No;4106;0;40;180;1;Rural;Y
LP002983;Male;;Yes;1;Graduate;No;8072;240;253;360;1;Urban;Y
LP002984;Male;53;Yes;2;Graduate;No;7583;0;187;360;1;Urban;Y
LP002990;Female;23;No;0;Graduate;Yes;4583;0;133;360;0;Semiurban;N
;;;;;;;;;;;;;
;;;;;;;;;;;;;
;;;;;;;;;;;;;
;;;;;;;;;;;;;
;;;;;;;;;;;;;
;;;;;;;;;;;;;
;;;;;;;;;;;;;
;;;;;;;;;;;;;
;;;;;;;;;;;;;
;;;;;;;;;;;;;
;;;;;;;;;;;;;
;;;;;;;;;;;;;
;;;;;;;;;;;;;
;;;;;;;;;;;;;
;;;;;;;;;;;;;
;;;;;;;;;;;;;
;;;;;;;;;;;;;
;;;;;;;;;;;;;
;;;;;;;;;;;;;
;;;;;;;;;;;;;
;;;;;;;;;;;;;
;;;;;;;;;;;;;
;;;;;;;;;;;;;
;;;;;;;;;;;;;
;;;;;;;;;;;;;
;;;;;;;;;;;;;
;;;;;;;;;;;;;
;;;;;;;;;;;;;
;;;;;;;;;;;;;
;;;;;;;;;;;;;
;;;;;;;;;;;;;
;;;;;;;;;;;;;
;;;;;;;;;;;;;
;;;;;;;;;;;;;
;;;;;;;;;;;;;
;;;;;;;;;;;;;
;;;;;;;;;;;;;
;;;;;;;;;;;;;
;;;;;;;;;;;;;
;;;;;;;;;;;;;
